学年,年度,授業開始時間,科目,コメント
高3,2026,2026/8/21 9:50,理科,"本日は遺伝情報の発現について扱いました。これは生物の学習全般に言えることですが、それぞれの仕組みに意思はないので、すべてただの化学反応の連鎖であり、物質の濃度勾配によって新たな物質の濃度勾配が生まれ、それによって細胞の分化が決まっていくと考えると分かりやすくなると思います。また、実験系の問題は図表に詳しく解説が載っていることが多いので図表も適宜参照しながら進めてください。
数学は例題のみで良いので1日10～20題を目安にどんどん進めていきましょう！"
中2,2026,2026/8/20 17:20,数学,本日は一次関数の続きを扱いました。グラフの書き方、直線の式の求め方などを扱いましたが、概ね問題なく出来ていました。標準問題で前回範囲も含めて総復習した際も一部除いて完璧に解けていました。ただyの増加量を求める問題でxの増加量を式に代入していしまうなどの混同が見られたので、このあたりの用語はきちんと整理しておきましょう。
中2,2026,2026/8/20 17:20,数学,本日は比例反比例の復習から一次関数へと進みました。やや眠そうではありましたが、問いかけに対してはしっかり考えて正しく答えることが出来ていました。自分で式を作る問題では間違いも見られたものの、一緒に設問を確認するとすぐに修正することが出来ています。これで学校の範囲は追い越したので多少余裕ができますが、連立方程式の応用も完璧とは言えないので学校の宿題に早めに取り組むようにしてください！
中2,2026,2026/8/20 15:50,英語,本日は比較のまとめで定期テスト対策Bの問題を扱いました。やや日が空いたこともあり抜けている箇所もありましたが、全体としてはよく出来ていました。一方で基本的な英文の語順を間違えてしまうことがあったり、you are playのようにbe動詞と一般動詞を混在させてしまったりしていました。比較を考えながらだとこういったミスが起きやすいので、まず比較の部分を無視して英文を作ってからmoreやmostを付け加えるようにしていきましょう。後半の教科書表現は全問正解で素晴らしいです。
小6,2026,2026/8/20 12:50,国語,"本日は接続語について扱いました。短文で接続語を入れる問題は半分ほど出来ていましたが、接続語の意味について答える問題はほぼ全滅でした。その後、文章を読んで問いに答える一般的な形式の問題にも取り組みましたが、「関わる」「対して」「農村」などが読めない状況で、正答率は半分ほどとなりました。共通語と方言の話でしたが、読み終わったあとに「何の話をしてた？」と問うと方言の具体例として出てきた新潟の雪を答えるなど、文章を論理的に構造化して読むという視点がないように見受けられます。
授業では論理関係（因果関係、抽象具体、対比）について短文で学習した後、実際の問題に取り組んでいきますが、宿題で漢字語句の学習に加えてそもそも文章を読み慣れる練習も加えられればと思います。"
小5,2026,2026/8/20 11:20,国語,"最初に算数の速さの単位換算の復習を行いましたが、きちんと考えるモードになっていれば正しく答えられるが、適当に数字を当てはめるモードになってしまって見当違いな計算をすることもあるという印象です。きちんと考えれば正解になる経験を積み重ねさせていければと思います。
国語は物語文を扱いました。宿題の範囲は設問をちゃんと読んでおらず間違ってしまいましたが、改めて確認すると正しく答えることができました。後半の文章もしっかり読むことが出来ていたものの、一文を抜き出せという指示を読み飛ばして段落を丸ごと抜き出していました。こちらも算数と同様に問題への向き合い方を改善する必要があります。"
高3,2026,2026/8/20 9:50,数学,今回も引き続き基礎問題精講を進めていきました。式変形で不明点がいくつかあったようですが、基本はとりあえず展開してみる、括ってみる、通分してみる等の変形をしていけば見えてくるものがあるはずなので、手を動かして見るようにしましょう。複素数についてはこれまでの実数の世界では扱えきれなかったものを扱うというイメージを持つとよいでしょう。負の数を考えられるようになったのと感覚的には同じことです。
小5,2026,2026/8/20 9:50,算数,"本日は宿題確認から始めました。教科書レベルの問題演習でしたが、単位の変換が必要な物が出来ていませんでした。4時間30分が4.5時間になることや、時速60kmが分速1kmになることが腑に落ちていない様子でした。一旦覚えてしまうのも手なので考えさせる時間を取りつつ一度出来たら覚えさせるようにしていきます。
後半は文章題を扱いました。図だと何から計算して良いか分からなくなるため、道のり、速さ、時間の表を作って分かるところから埋めるやり方を教えたところ、比較的スムーズに解けるようになりました。ただ540m離れた2地点間の往復、などになると意味が把握できず、行きと帰りの道のりが同じ540mだと分かるまでにかなり時間がかかってしまいました文章題は問題文を読んで状況を整理することが不可欠なので、"
中3,2026,2026/8/19 18:50,数学,本日は最初に方程式の解き方を確認しました。解けてはいるものの、式変形で考えてしまうことがあったので、移項は機械的に処理していくように伝えています。その後はニ次関数の応用に取り組みました。放物線を書きながら座標を確認していく中でグラフと式の関係に納得が言ったようで、きちんと理解して進めることができました。また、文字のまま式を作ることへの抵抗も少し減ってきたのかスムーズに式を作ることが出来ていました。ただ少しパターンが変わると手が止まってしまいました。問題文も長くなってきているので一文ずつ読みながら図に書き込むようにしていきましょう。
中3,2026,2026/8/19 17:20,数学,本日は2コマ連続のためまとめて記載します。
中2,2026,2026/8/19 15:50,英語,本日は宿題確認の後現在進行形を進めました。まず宿題の箇所ですが、疑問文や否定文への書き換えは単語の意味も一切知らなくても出来るボーナス問題なので、be動詞を前に出す、一般動詞ならDo Doseをつけるという基本法則をとにかく覚えてその通りにやるように伝えました。その後の進行形の書き換えはスムーズに出来ていたので、このやり方を忘れないようにしましょう。主語が2語以上の時にやや混乱している様子だったので、theやmyは後ろの名詞とセットで一つの塊だと認識するようにすること、まず動詞を探してそれより前は主語だと思うことが重要です。
中2,2026,2026/8/19 15:50,英語,"本日はshow 人モノ、call ABの語順を扱いました。なかなか語順通りに書くことができず苦戦してしまいましたが、後半はある程度正しく書くことができるようになってきました。とにかくshow人モノ、showモノto人の語順をしっかり覚えて、常に語順を意識しながら解くようにしていきましょう。callの方はワンパターンのためか間違えずに進めることができました。
ペンの持ち方のためかかなり力が入っていて疲れやすいので、気がついた時に持ち方を正して力を入れずに書けるようにしていきましょう。"
小6,2026,2026/8/19 11:20,算数,"本日はまず計算方法の理解度の確認から始めました。最初の整数の四則演算は計算の順番は理解していて概ね良く出来ていましたが、1+9×(10-3)などの問題で括弧内を計算したあとに掛け算を後回しにしてしまう間違いが見られました。一度式を書き直して1+9×7にすれば正しく計算できているので、途中の式変形をしっかり書くことでミスを防ぐように指導していきます。
その次は分数の計算を扱いました。通分での足し算引き算は出来ていたものの、帯分数が入ると足し算なのに約分してしまうなど、掛け算との混同が見られました。計算の順番の違いから足し算は計算が終わってから約分をしなければならないことを説明し、その後は問題なく解くことができました。掛け算割り算も問題なく解けています。
最後の小数も小数点の移動に足し算と掛け算の混同が見られましたが説明後は正しく書けていました。
全体としては勘違いしているところや抜けているところがあるものの、しっかり書き込みながら問題に取り組んでいますし字も丁寧です。授業にもしっかり集中できていて、説明時に分からないときは頷かないため、きちんと理解しようとする姿勢も見て取れるため、伸びていきそうな印象を受けます。小学校範囲を総復習しながら出来ていない部分を修正していく進め方でいければと思います。"
小6,2026,2026/8/19 9:50,国語,本日は語句の意味から始めました。3割ほどは自分で解けていて、残りについては聞いたことはあるものの自分で思いつける程ではないという感じだったので、少しずつ覚えていってもらえたらと思います。その後物語文に入りましたが、記述などもしっかりポイントを理解して書くことが出来ていました。書抜きの問題で本文とは違う形で書いてしまっていたのでこの点のみ気をつけるように指導しています。
中3,2026,2026/8/18 17:20,数学,本日も二次関数を扱いました。文章から関数の式を作って、xやyを入れて解く問題でしたが、式を作ってもそれを使わなかったり、すでに求めたaを使って式を作ったりと、関数のイメージがついていなかったりどういう順番で何を求めているのが分かっていなかったりしたため、具体的な事例で関数とは何かを理解するところから始めました。また、代入した後の方程式も分数になると出来なくなっているため、式変形で解く方法を再度確認しました。
中3,2026,2026/8/18 15:50,国語,本日も引き続き古文を進めました。干支と方角は大丈夫そうでしたが月の名前は怪しかったのでその場で覚えてもらいました。一つ一つ覚え方を確認して一度テストすれば覚えられたので、この調子で他の教科や英単語も覚えるようにしてください。後半は文法で用言の活用と助詞と、敬語を扱いました。このあたりの意味が分かると読解がかなり楽になるのでしっかり覚えて意識しながら読むようにしましょう。次回は一旦漢文の訓読について扱います。
小5,2026,2026/8/18 11:20,国語,本日は引き続き物語の心情変化に関する問題を扱いました。最初の3問が間違っていたため一緒に設問を確認し、会話しながら進めました。問いかけに対して最初は本文を指さしてこの辺りと答える感じでしたが、どの言葉かを問うと適切に答えられることが多いです。読めてはいるということなので、最初に見つけた箇所をそのまま書くのではなく、問いに対して短く答えを作ってから増やしていくように伝えています。
小5,2026,2026/8/18 9:50,算数,少し間が空いたので、復習のために前回範囲の定着問題を扱いました。なんとなくは覚えていたようですが、本当になんとなく割ってみたり60を掛けてみたりしているので、改めて意味を確認しました。その後忘れていた分数計算を復習して分数の時間の単位を変える問題に取り組みました。毎回1時間=60分等を書いてから式を作るように指示して進めましたが、分を時間に変える問題で1分=60秒と書くなど、なかなか苦戦してしまいました。ただ単純に時間や速さを求める問題はできていて、時間の単位換算が特に苦手なようですので次回再度確認します。
中3,2026,2026/8/17 18:50,英語,本日は不定詞の応用でIt is -for 人 to doの形を扱いました。形はしっかり覚えて使うことが出来ています。語順などで間違えることがないのは素晴らしいです。人称代名詞やスペルのミスは少しずつなくしていきましょう。また、書き始める前に現在形か過去形か、肯定か否定か、平叙文か疑問文かを必ず確認するようにして下さい。後半はwant 人to doの形を扱いました。こちらは主語と目的語の混同があるので気をつけましょう。
中3,2026,2026/8/17 17:20,数学,本日は二次関数の応用に進みましたが、座標やグラフと式の関係が分からなくなってしまっているようでした。また、「分からないものを文字で表して式を作って解く」という数学の基本に慣れていないためか、文字のまま進めることに抵抗があり、理解にかなり時間がかかってしまいました。今後の問題を特には必須の考え方なので早めに身につけられるようにしていきましょう。
中2,2026,2026/8/17 17:20,数学,本日は前回に引き続き連立方程式の応用を扱いました。割合の問題などは式を作れているものの計算で間違ってしまっている問題が多々ありました。特に九九で間違えるのは勿体ないので注意しましょう。また、分数を掛ける際は先に約分したほうが楽なので慣れていきましょう。速さの問題は手が止まってしまうことがあったので、とにかく表にしてから道のりの式と時間の式を作るようにして下さい。
小6,2026,2026/8/17 11:20,算数,本日は合同と相似の続きから扱いました。相似の発見はスムーズになってきましたが、なぜか整数×分数の計算方法を忘れてしまっていたので改めて指導しました。また、面積を求めているはずなのに途中で逸れていって比を計算してしまうこともありました。問題が複雑になってきているので多少は仕方ないですが、ある程度道筋を考えてから計算すること、計算した結果が何を表しているのかを考えることの重要性を今後も伝えていきます。
高3,2026,2026/8/17 9:50,数学,"引き続き数2Bの基礎問題精講を進めていきます。多項定理の理解に時間が掛かってしまいましたが、「カッコから文字を選ぶ」 という作業は、「文字（\(a, a, b, b, c\)）をカッコの順に並べる」 ことと全く同じだということを自分で実際に確かめてみると理解が深まるかと思います。"
小6,2026,2026/8/17 9:50,国語,本日は説明文から扱いました。ディベートを題材に論理的に考えることだけが正しいわけではないという内容の文章でしたが、抽象的な議論が多かったためか後半の記述では手が止まってしまいました。特に確かに・しかし・のような譲歩の構造に慣れていないようで、この点について実際の文章からピックアップしてしかしのあとに筆者の意見が来ることを確認しました。その後言葉の意味を扱いましたが、知らないものが多いため、どんどん文章に触れて語彙を増やしていければと思います。
中2,2026,2026/8/7 17:20,国語,本日は報告書の構成、手紙の構成、夢を跳ぶの漢字まで扱いました。内容をしっかり捉えて解くことが出来ていました。漢字は宿題でやってきたものの一部が書けなかったり読めなかったりしていたので、次回はきっちり覚えてくるようにしてください。特に漢字は一部が読みを表していることが多いので、その点を意識すると覚えやすくなるはずです。また、意味を理解すると読みも分かりやすくなるので、知らない単語は意味を調べてみるようにしましょう。
小6,2026,2026/8/7 17:20,算数,本日は縮尺の確認から始めました。前回とは違って単位換算はスムーズに行うことが出来ていました。面積比は相似比の2乗になる点は難しいので、適当な長さをおいて縦横を縮図にしてから計算するようにしています。後半は相似の応用を扱いました。図形の中から掃除になる部分を見つけるのに苦労してましたが、ある程度典型的な形は見つけられるようになったかと思います。宿題範囲は少し難しい問題が続きますので、しっかり図を書いて考えるようにしてください。
中3,2026,2026/8/7 15:50,数学,"本日は二次関数を進めました。宿題では解き方はあっているのに数字を書き間違えたり途中で満足してしまったりしていて勿体ないです。特に後者に関してはしっかり図を書く、一つ一つ何を計算しているのかを自覚的に解くことが大切です。あるいは計算の前に何をどの順で計算するかメモするのも有効です。解ける問題を落とさないことが何よりも大切なので、普段の演習から意識していきましょう。
また、文字を使って式を作り、それを解くことで必要な値を求めるのが数学の基本です。分からない値を計算する方法を探すのではなく、分からない値を文字にして成り立つ式を作る方針で考えていくようにしましょう。"
中3,2026,2026/8/7 14:20,国語,今回は神山の国語の最後の問題で定番となっている作文について扱いました。異なる意見を統合することが求められ、かつ論文ではなく会議中での意見という形式を取っているため、単に説得するのでも論破するのでもなく納得させることが重要です。まず共感、受容の姿勢を示しつつ、対立の図式から課題を整理して、新たな案でそれらが解決されることを示すような書き方にしましょう。その際には共通の目的から考えて語ることを意識しましょう。
中3,2026,2026/8/7 11:20,理科,本日は物理分野に移って光と音、力について扱いました。光の凸レンズの問題は光がどう通るのかを考えながら、同じ場所から出た光が一点に集中した時にきれいな像が出来ることを考えると分かりやすくなるはずです。音はよくできていたので問題ないかと思われます。化学分野の応用問題を宿題に出していますが、分からなくなったら飛ばしてどんどん先へ進めていってください。また、英語と社会についても計画的に進めていきましょう。
中3,2026,2026/8/7 9:50,数学,"本日は二次関数の応用の解説から始めました。応用問題は図を書いてみて、問題文の条件（面積を二等分など）を満たすためにはどんな直線になるかを考えてみることが必要です。また、座標が分からない点が出てきたらx座標をtなどの文字であらわし、それを元に式を作っていくのが基本方針になります。
後半は相似を扱いました。掃除の基本は問題なくできていそうですが、証明問題で複雑な図形になったときに手が止まってしまいました。角度の問題はとにかくわかる角度をどんどん書き込んでいくことが一番の突破口になること、どこがどういう角度にならなければならないかを逆算してかんがえることを意識していきましょう。"
高3,2026,2026/8/7 9:50,理科,"本日は遺伝の仕組みの確認と、遺伝情報の発現の解説を行いました。遺伝子型と表現型については原則場合の数と同じなので、表を書いて計算するようにしてください。また、表のどの位置にどの表現型が来るかは決まっているので、形で覚えてしまうのも有効です。
遺伝情報の発現については大まかな流れをとらえてから細部をイメージしていくことがポイントです。それぞれの仕組みと、なぜその仕組みになっているかを併せて覚えると忘れにくくなるはずです。"
中2,2026,2026/8/6 17:20,数学,"本日は学校ワークの連立方程式の応用と、一時関数を扱いました。連立方程式の応用に関しては一見ややこしくても落ち着いて一つずつ式にすればできることが分かったと思うので、あきらめずに取り組むようにしてください。
一次関数については後半のグラフは問題なく出来ていました。前半の変化の割合と増加量については、定義を正しく覚えてそこに当てはめていくことが必要です。"
中2,2026,2026/8/6 17:20,数学,"本日は数学の連立方程式の利用の続きを進めました。代金等の問題はしっかり式を作ることが出来ていました。計算の際に引き算や掛け算で間違えてしまうことが多いので注意しましょう。
後半は割合・濃度・速さを扱いました。食泉水の濃度は①食塩水の重さと②食塩の重さで、速さの問題は道のり・速さ・時間の表を作ってから①道のり②時間の式を作ることを覚えておきましょう。"
中3,2026,2026/8/6 15:50,国語,"本日は神山の過去問に引き続き取り組みました。複数の選択肢から正解を選ぶこと自体は問題なく出来ていますが、間違いの選択肢がなぜ間違いなのかを説明したり、それぞれの選択肢の正誤を正確に判定する問題がやや苦手なようです。次回は過去問の作文パートを扱い、その後はテキストで論説文を扱っていこうと思います。
"
中2,2026,2026/8/6 15:50,英語,本日はas～asを使った同等比較の表現を扱いました。穴埋めや和訳はほとんど間違えることなく進めることが出来ました。並び替えや英作文ではasの位置を間違えてしまうことがありましたので、前のasは比較する内容、後ろのasは比較対象の前に付けることを覚えておきましょう。また、比較の英作文は一気に考えるとややこしくなりがちなので、まずは比較を無視して誰が何するの分を作ってから比較の要素を付け足していくようにしましょう。英作文の際にとりあえずbe動詞を書きがちなので、書く前にどちらの動詞を使うか考えたから書き始めるようにしてください。
中3,2026,2026/8/6 14:20,数学,本日は二次方程式の発展問題の解説から始めました。式は作れているものの、そこから正確に解くことが出来ていない問題が多かったようです。方程式はどんどん変形するのが基本なので、左に全部寄せてx2乗から順位並べ、見知った形にするように癖づけていきましょう。後半は少しだけ二次関数に入りました。グラフの特徴さえ覚えていしまえば一次関数の問題と同じなので、発展問題にも取り組んでみてください。
中2,2026,2026/8/6 14:20,数学,本日も引き続き一次関数を扱いました。全体をざっと復習してから図形との融合問題に取り組みました。やり方自体は理解できていますが、座標の概念がまだ少し怪しいようで正負を間違えたりx座標とy座標を間違えたりしてしまいます。聞けば分かるので、計算に入る前に図をチェックしてから式を作るようにしてください。最後の問題は方程式の利用と同様で、文字で式を作ってから解くことを意識して下さい!
小5,2026,2026/8/6 11:20,算数,"本日は単位量あたりの計算の続きで速さを扱いました。100m走やマラソン、自動車での移動で説明するとイメージが付きやすいのかどんどんこたえてくれました。ただ問題に進むと手が止まってしまうことが多く、何度もどうやって計算するかを確認しながら進めました。単位換算が元々苦手なので、mとkmの変換などを練習した上で、1時間で30km，60分で30000m、1分で500mのように順番に書いていくように指導しています。
また15分が15/60分であることがなかなか理解できず、突き詰めていくと分数の概念がかなりあやふやな様子でした。1/2が1の半分であることや3/2が1と2の中間であることが分かっていなかったため、数直線を用いて分数概念を復習しました。"
小5,2026,2026/8/6 9:50,算数,本日は2コマ連続のため、２コマ目にまとめて記載いたします。
中3,2026,2026/8/5 20:20,理科,本日も引き続き化学の範囲に取り組みました。新しく習う単元であり、考え方も少し難しい印象を受けたようですが、分からない点を積極的に質問しながら理解を深められたようです。それぞれの物質の名前や化学式はこれから覚えていけば良いですが、電子の移動を中心とする仕組みについてはどの問題を解くときも意識して忘れないようにしておきましょう。
小6,2026,2026/8/5 20:20,国語,本日も引き続き説明文に取り組みました。かなり集中力が高い様子で、どの問題もどんどん解き進めることができましたし、正答率も非常に高かったです。接続語を入れる問題では一文が長い場合に関係性を把握し損ねていたので、文頭に空欄がある場合は文の最後まで読み切ってから考えるように伝えています。記述問題もしっかりかけていますが、文章を前後半の二つに分けるような全体構成を考える練習はこれからも必要に思います。
中3,2026,2026/8/5 18:50,数学,本日は簡単に一次関数の復習をした後二次関数を扱いました。やや発展的な内容まで説明しましたがきちんと理解できていて素晴らしいです。グラフと式、座標の関係を理解できているので応用問題もスムーズに進めることができました。関数と図形の範囲は図形の性質の利用に慣れる必要があるので、ある程度進んだら図形の範囲に戻って進めていきます。
中2,2026,2026/8/5 15:50,国語,"国語は次のテスト範囲を進めていきます。今回は提案や手紙の構成、敬語について扱いました。尊敬語謙譲語の区別はややこしいものもありますが、動作の主体への敬意なのか動作の受け手への敬意なのかを考えて解くようにしましょう。
宿題で漢字ドリルを出しています。無駄に何回も書く必要はないので、毎回手本を隠してテストだと思って書いてください。書けるようになったら次の問題へ進んで良いです。"
中3,2026,2026/8/5 15:50,英語,今回は仮定法を扱いました。If節は過去形、主節は助動詞の過去形というルールですが、時折混ざってしまっているので注意しましょう。また、訳には「できる」の要素がないのに書く時にcouldを使ってしまいがちなので、基本はwould、canの意味があるときはcouldと使い分けしていきましょう。本日で全範囲が終わったので、後半の問題を進める前に単元チェックテストをイチから進めていきます。次回授業時に持ってきてください。
小6,2026,2026/8/5 11:20,算数,本日から総復習の範囲を進めています。最初は数と計算の単元でほぼ全問正解でしたが、大きい数の計算の際に0も含めて筆算しがちなので、0はあとから付け加えるように伝えました。倍数の問題では3の倍数の判定方法を忘れてしまっていたので再度確認示しました。最後の小数の計算は悪くないですが、割り算の余りの小数点の位置には注意しましょう。少し次の授業まで間が空くので宿題は多めに出しています。全然覚えていない単元等があれば飛ばして代わりに後の単元を進めてください。
中2,2026,2026/8/5 11:20,数学,"本日は一次関数の範囲に入りました。まず復習で一年の比例反比例から始めましたが、グラフの書き方や比例定数の考え方などを忘れてしまっていたようなので改めて確認しました。この座標とグラフの書き方は今後も使うので覚えておいてください。
その後一次関数に進みました。関数の定義はしっかり理解できているようですが、変化の割合の問題は眠気もあってやや怪しいので、明日もう一度確認します。"
高3,2026,2026/8/5 9:50,英語,本日は数学の確認の後、英語の構造分析を進めました。句や節は正確に把握できるようになってきたように思います。過去分詞の後置修飾に気づけないことが多いので、この点を意識していきましょう。Vではないのに過去分詞形が出てきたら基本は修飾と考えて良いです。また、今回出てきた同格や省略等の特殊構文も少しずつ覚えていきましょう。
中1,2026,2026/8/5 9:50,数学,本日も引き続き文字式の計算を進めました。マイナスの括弧を外して計算する場合に符号を変え忘れてしまうことがあるので注意が必要ですが、計算方法自体は理解できたようです。その後の乗法除法も同様で、文字式自体は問題ないものの、割り算を分数にする際に割られる数も分数にしてしまったり整数掛ける分数で約分できなかったりと、分数計算自体がまだまだ苦手なようですので、毎回確認しながら進めていきます。
中3,2026,2026/8/4 18:50,英語,本日は並び替え、英作文の問題を通して不定詞の復習を行いました。前回前々回でやった内容がかなり抜けていましたが、やっているうちに思い出してきたのか後半は比較的スムーズに進めることができました。主語の次に動詞を置くことには慣れてきたようで最後はあまり間違えずに書くことが出来ました。宿題は基本的な文の語順と不定詞の復習の範囲から出しています。例題を確認しながら語順を意識して書く練習をしてください。
中3,2026,2026/8/4 15:50,国語,"本日は神山のものづくり課題について一緒に考えました。学習管理アプリを作ってみるとのことで、身近で作りやすいものなので手始めにやってみるのはありかと思います。簡単に要件を考え、AIをもちいてアプリ等を作る際のステップについて確認しました。こういうものはやってみないと分からないので少しでも良いので進めてみてください。
後半は学力検査の過去問に取り組みました。前半はかなり調子よく答えることが出来てましたが、最後の問題は一文が長くなったためか読み違い、読み飛ばしが発生してしまいました。知らないことについて述べている文を読む際はまず文の構造（○○にはAとBとCがある等）を確認したうえで細部を確認するようにすると良いでしょう。"
中3,2026,2026/8/4 14:20,数学,"数学は中3範囲を早めに終わらせていきます。本日は二次方程式の解き方を確認し、平方完成を練習した後、二次関数の利用の単元に取り組みました。前半の立式はうまく出来ていましたが、求められているものの片方を出し忘れていたり、xが正の整数である条件を忘れていたりしていたので注意が必要です。自分がなにをxとおいたのか、なにを聞かれているのかを解く前と解いたあとに必ず確認するようにしていきましょう。
英語理科社会のビルダーは毎日1個を目安に進めていきましょう。"
小6,2026,2026/8/4 11:20,算数,"本日は反比例の続きで応用問題とグラフを扱いました。概ね良く出来ていましたが、数字が割り切れない時に手が止まってしまうことが多いです。y=12÷xの式を求めたたあと、x=12÷yにせずにyの値を代入しているためかと思われます。いろいろな数字を当てはめて探すのではなく、どうやったら計算できるかを考えられるようになる事が次のステップには必要です。できないわけではなく問えば答えられるので、常に式を作ることが手段として浮かんでくるかどうかがポイントになりそうです。
これで範囲は一通り終わったので、次回から復習問題を進めていきます。"
小5,2026,2026/8/4 11:20,国語,本日から小説に入りました。1つ目のまとめと例題の箇所はしっかり集中して解くことが出来ていて、全問正解でした。2つ目はやや集中力が切れてきたのか手遊びしつつもなんとか最後まで解き切ることが出来ていました。穴埋めの問題で何を入れれば良いかわからなくなっていましたが、そもそも何を問われている設問なのかを確認して、その答えを記述だと思って答えてもらうとすぐに答えられていたので、穴埋めに当てはまるものを探すのではなく、問の答えを考えてから穴に入るように選ぶように指導しています。
小5,2026,2026/8/4 9:50,算数,本日も引き続き単位量あたりの計算を扱いました。最初に例題の説明をしながら問いかけをしていたときは簡単な問いでもなかなか答えられませんでした。式を作って考えるのがまだ苦手な様子デすが、他の子がいるので恥ずかしがっていたという要素もあるかもしれません。その後の類題はきちんと解けていました。複合問題になると手が止まってしまっていたので、毎回きちんと20L-1400円などの対応表を書いて考えるように指導しています。ただ、表を書いてみて？というと書けて計算もできるのですが、自分で表を書こうとしない点は課題ですので、次回も確認していきます。
高3,2026,2026/8/4 9:50,理科,"本日は遺伝子と生殖、系統分類の導入を扱いました。遺伝子についてはまず用語がややこしいので、遺伝子DNA染色体などの違いを明確にして理解することが重要です。その上で減数分裂の流れによって染色体上の遺伝子がどう移動していくのかを自分で書けるようにしていきましょう。
系統分類はかなり細かい部分まで問われますが、とりあえずざっくりと分けるとどうなっているのかから考えると良いです。また、何が何に進化していくのかの自分なりのイメージを持つことも大切なので、図表なども参考にしながら進めていきましょう。"
中3,2026,2026/8/3 18:50,数学,本日は二次関数に取り組みました。最初は難しそうと言っていましたが、説明中の質問にもしっかり答えることが出来ており、きちんと理解している様子で、順調に進めることができました。ただ練習問題に取り組むとaの値を無視してしまったり、符号を間違えてしまったりが目立ちました。グラフを書かせるときちんと書けていますし自分で間違いに気付くこともできているので、もう一歩だけ丁寧に考えて答えをきっちり合わせられるようにしていきましょう。
中3,2026,2026/8/3 15:50,理科,"理科については化学範囲→物理範囲の順に進めることとしました。生物範囲と地学範囲については自習で進めていきましょう。今週は授業が多いので宿題と復習のみで大丈夫です。今回は化学範囲の物質と化学変化から始めました。今回は用語や原理、仕組みの確認のため問題ないとは思います。実験系の図は後の応用問題にも出てくるので、どんな現象から何が分かるのかをしっかり整理して覚えておきましょう。次回は今回の範囲の錬成問題を進めます。
BUILDERについて、英語は毎日1項、国語と社会もできれば毎日1項、厳しければ交互に1項ずつ進めるようにして下さい。
"
中3,2026,2026/8/3 14:20,数学,本日からテキストを進めていきます。まずは中3の範囲を終わらせる方針ですが、二次方程式の解法から怪しいということだったので、そこから始めることとしました。因数分解、平方完成、解の公式の使い方を確認した上で問題に取組みました。概ね問題なく解けてはいますが、やや焦り気味のようで、二乗を外す時にマイナスを忘れてしまったり、計算結果で終わって設問の答えを確認していなかったりする点は要注意です。解ける問題をミスしないことが入試においては非常に重要なので、1問1問真剣に取り組むようにしましょう。後半の応用問題はyを使わずにxだけで式を作ることを意識していきましょう。
高3,2026,2026/8/3 11:20,数学,本日は残っていた平面図形の単元を扱いました。図形単体の問題は多くはないですが、数2の図形と方程式で式を作るために必要になってくるので定理や公式を思い出しながら進めていきましょう。また、図を書く際に長さはある程度適当でも良いですが、角度は合わせながら書いた方が圧倒的に気づきやすくなるので、特に直角は丁寧に書くようにしましょう。
中1,2026,2026/8/3 11:20,国語,本日は次の範囲に進み、意見文や広告の単元に進みました。意見文の構成に沿って選択肢を並び替える問題では学習のポイントに書かれている内容に無理やり当てはめて間違えてしまい、広告の方では穴埋め文の関係を捉えられず手が止まってしまいました。また、すべて選べというタイプの問題も4択だから2個選ぶと決めつけて、内容的にはおかしいと分かっている選択肢を選ぶなど、全体として文を読んで意味を考える、理解するということをせずに問題を解くことに意識が向きすぎているようですので、そのあたりをチェックしながらすすめていきます。
小6,2026,2026/8/3 9:50,算数,"本日も引き続き相似について扱いました。比の計算の際にどことどこが対応する辺かを理解するのに時間がかかってしまいました。どうも同じ形ではなく同じ位置で捉えてしまうようでした。何度か確認して出来るようになってきましたし、クロス型はすぐに把握できたようです。
次の縮図は計算方法自体は理解できたものの、単位の変換に苦労してしまいました。1m=100cmなどを書いていくと正しく答えられることも多いため、自分できちんと書いて変換できるように指導しています。"
中1,2026,2026/8/3 9:50,数学,"本日は宿題の確認から始めました。正答率が50%ほどで、その後途中式を書きながら解き直ししてもらったところほとんど間違えずに計算できていたので、毎回きちんと式を書くようにして下さい！また、後半の分数では数が大きくなってしまって時間がかかっていたので、通分の前に約分する、もっと言えば掛ける前に約分するようにすると良いです。
後半は方程式の等式の性質を利用した解法に移りました。最初はあまりしっくり来ていない様子でしたが問題自体はきちんと解けています。この辺りは今後の単元のすべての土台となるのでしっかりマスターしていきましょう。"
中3,2026,2026/8/1 18:50,英語,本日は前回の不定詞の復習で英作文を徹底的に行いました。不定詞がかたまりを作ることを認識するのにかなり時間がかかりましたが、最後には理解できたようです。また日本語と英語の語順が違うことを無視して書き始めることが多いので、英語は主語動詞の語順であることを頭に入れて問題に取り組んでください。宿題は一見多いですが問題数も多くないですし単語も載っているので必ずやってきてください。
中3,2026,2026/8/1 17:20,数学,"本日も一次関数を扱いました。直線の式を求めるやり方はしっかり身に着けることが出来たように思います。座標は(x,y)であることには注意しましょう。また、aやbを求めるために方程式を解く際は必ず都度途中式を書きながらすすめるようにしてください。頭の中で考えるのは計算ミスの原因になりますので、1ステップずつ書きながら計算するようにした方が結果的に早く正確に解けるはずです。
次回は二次関数に進みます。"
中3,2026,2026/8/1 11:20,数学,"本日は宿題の確認から始めました。平方根、二次方程式、二次関数の問題でしたが、しっかりと解くことが出来ていました。最後の応用問題のみ出来ていなかったので解説しましたが、図形知識が増えると考えやすくなると思います。
これで一通り代数系は終わったので、飛ばしていた図形を進めていくこととしました。今回は平面図形、空間図形の作図と面積、体積について扱いました。公式を覚えていない部分も多かったのでしっかり覚えてから問題に取り組んで定着させるようにしましょう。"
中3,2026,2026/8/1 9:50,国語,"本日は高校入試の問題について概観し、他科目も含めて夏休みの方針を整理しました。理社は1日1単元、英語は読解問題を1日1題をマストとして進めていきましょう。
古典は歴史的仮名遣いの確認から始めました。基本法則は理解して解くことが出来ていましたが、にうだう→にゅうどうのような複合的なものはやや苦戦してしまったので、何度か練習していきましょう。入試ではある程度複雑なものは訳してくれているので、基本的な助動詞・単語を覚えていけるようにしていきます。"
中2,2026,2026/7/31 18:50,数学,"本日も連立方程式の文章題を扱いました。前回かなり苦戦した部分でしたが、再度問うと正しく式を作ることが出来ていました。余りが出る割り算は割られる数＝割る数×商＋余りにすれば等式を作ることが出来ます。分からなくなったら簡単な数で考えてみましょう（9÷2=4…1⇒9=2×4+1)
また、連立方程式を解く際の符号ミスが目立ちました。自分が動かしたもの以外はそのまま書くことを心がけて式変形していきましょう。"
中2,2026,2026/7/31 18:50,英語,"宿題は多かったですがきちんとやってきてくれました。概ねよくできていましたが、比較の英作文で躓いてしまうことが多かったようです。まずは比較の部分を無視して基本となる文を書いてからmore やas等の要素を付け加えるという手順で考えるようにすると良いでしょう。また、何の○○～？はWhat ○○ do youというようにwhatの直後に名詞が入る点に注意しましょう。 
Unit6の単語、熟語表現をしっかり覚えてきてください。"
中3,2026,2026/7/31 17:20,数学,本日から関数に入ります。最初は一次関数から始めました。説明した通りにしっかり考えられていてどんどん進められそうですが、用語をすぐに忘れがちなので、変化の割合、傾き、切片などの用語をすぐに思い出せるようにしていきましょう。また、求めるのは式なのでaやbを出しただけで満足せず、何を問われているかを確認するようにしてください。
小6,2026,2026/7/31 17:20,国語,"本日も引き続き科学技術系の説明文に取り組みました。宿題で問いてきてもらった文章は最後の問い以外は完璧でしたが、最後の問いは該当箇所を一緒に読んで設問を確認しても最後まで正解の選択肢を選べませんでした。「〇〇という仮説が法則ではなさそうなのはなぜ」という問いなのに法則である理由を選んでしまっていたようです。見慣れない用語の際にも正しく文の意味を把握できるようにしていきたいところです。
その後の文章は非常によく出来ていました。複数要素がある場合に最初の要素のみ書いてしまうので、字数が余っているときは他にもないか考えるように指導しています。"
中2,2026,2026/7/31 12:50,数学,"数学はある程度分かっていそうだったため、　連立方程式の解き方から始めました。なんとなくは分かっていたものの、そもそも、xかyのどちらかを消した式を作りたい⇒xかyの係数を揃えるという流れ、意味が分かっていないようでしたので、何度か確認しました。また、符号の計算が時折怪しいので、縦に変形して途中式を消さずに一つ一つ確認しながら書いていくようにしましょう。どこで間違えたかを知ることも大切なので、基本的には消しゴムを使わずに全部ノートに残すようにしてください。また、最後に等式を解く際にそのまま当てはまる数字を探すのではなく、移項してx= やy=の式を作ることで解くようにしていきましょう。
"
中1,2026,2026/7/31 12:50,英語,"宿題範囲はは良く出来ていました。その後演習問題に取り組みました。数字の綴りを時折間違えているので、出てきたものは覚えておきましょう。muchとmanyの区別は出来ているもののやや混乱していたので、many books とmatch moneyで整理しておきました。空所補充タイプの問題はまず選択肢を見て何が問われているのかを考えるようにしていきましょう（今回だとlittleやfewなので名詞が数えられるか数えられないかさえ分かればほかの部分は見なくても解けます）
最後に少し比較に入りました。一度やっていることもありスムーズに進めることが出来ました。"
中1,2026,2026/7/31 11:20,国語,本日も引き続き文法の単元に取り組みました。前回の内容の演習問題でしたが、まず主語を考えるときは述語から考えるようにしましょう。私の、などの連体修飾語に引っかかってしまうケースが多いです。また、文節で答える問題なのに単語だけ書いてしまうことも多いです。1問1問丁寧に取り組むようにして下さい。
高3,2026,2026/7/31 9:50,理科,"本日は数学の不明点の解決から始めました。整数問題はいかに範囲を絞るかがポイントなので、いくつか数字を当てはめて傾向を掴むのも有効です。
生物についてはまずリードライトのまとめの部分を読みながら、イメージがわかないところ、意味がわからないところは教科書や図表を参照して理解を深めましょう。その後に後ろの問題を解いていくようにしてください。できるだけ早く終わらせたいので、10ページぐらいを目安に進めていきましょう。"
中1,2026,2026/7/31 9:50,数学,"本日も宿題の確認から始めました。まだ符号の見落としが多いので、とにかく式をきちんと書いて計算するようにしましょう。計算の仕方は分かっているのに符号のミスで間違っている事が多いのと、式を書いていないためにイチからやり直さなければならないのも勿体ないです。
後半は方程式に入りました。等式の性質をきちんと理解して変形することが出来ていました。次回続きから扱います。"
中3,2026,2026/7/30 18:50,英語,まずは宿題の確認から始めました。多めに出していましたがやってきて素晴らしいです。空所補充の際に動詞が抜けがちなので、本当に正しく書き換えられているかを確認しながら解くようにしましょう。授業では不定詞動名詞の名詞的用法を扱いました。どちらも〇〇すること、という意味のかたまりを作るためのものであることを常に考えながら問題に取り組みましょう。
中1,2026,2026/7/30 17:20,数学,"本日は宿題の確認で文字式の計算から始めました。マイナスの括弧を外す際に後ろの項にかけ忘れている点は引き続き注意していきましょう。その点以外はよく出来ていました。その後文字式で関係性を表す問題に取り組みました。比較的良く出来ていましたが、逆に式を日本語で表す問題は苦戦してしまいました。自分が式を作るときも、2aや4xが何を表しているか巻変えることは大切なので練習していきましょう。
最後に方程式の範囲に少し入りました。方程式の解は代入したら成り立つものであること、両辺に同じ計算をしてx以外の数字を消していくことを覚えておきましょう。次回はP81の確認問題から始めます。"
中3,2026,2026/7/30 17:20,数学,本日は二次方程式の利用を再度扱いました。方程式の問題はとにかく求めるものをxとおいて式を作りその式を解くだけで余計なことを考えなくても良いことが利点ですので、面倒くさがらずに式を作って下さい。式が書けないときは図を書いて長さなどを書き込むようにしましょう。
中2,2026,2026/7/30 11:20,英語,本日は現在位置の把握も兼ねて、中1の復習の単元から始めました。単語などはなんとなく覚えられているようですが、スペルの間違いが多いので、間違えた単語は書き出して毎回覚えるようにしていきましょう。be動詞、一般動詞の否定文疑問文などは、基本形は覚えているものの使い分けが出来ていない様子です。動詞は一個しか使わない、be動詞と一般動詞ではルールが違うという点を伝えると正しく答えることができました。まだ定着はしていないので、今後も確認しながら進めていきます。並び替えや英作文の語順も怪しかったので、まず主語と動詞、その後は動詞に基づいて考えるように指導しています。
高3,2026,2026/7/30 9:50,数学,"本日は整数問題の続きを進めました。応用問題も自分で理解を深めながら進めることが出来ていました。整数であることがポイントなので、その点を意識して取り組んで下さい。できるだけ夏休み中に終わらせていきたいので、1日4題以上を目安にどんどん進めていきましょう。
何とか粘って少しずつ生活リズムを正していきましょう。"
小6,2026,2026/7/30 9:50,算数,本日は宿題範囲の確認から始めました。比例のやや応用の問題で、y=axの式を作るのに苦戦してしまうことがありました。数値がイメージしやすいものだと出来るが、小数や分数が入るとできない、式を作れない印象です。◯を使って一度式を作るとできることもあるので、その方法で進めていければと思います。その後比例のグラフを扱いました。グラフの読み取りはしっかり出来ていてスムーズに進めることができました。
高3,2026,2026/7/29 20:20,英語,本日はやや複雑な英文を用いて英文解釈の練習を行いました。文法知識はある程度身についてきているようですので、それを用いて素直には訳せないタイプの英文を訳す練習をしていきます。今日やったように、前置詞があったら名詞を探す、andやbutのつなぐものを考える、SVOCの受動態を意識するなど、考え方を身に着けていくようにしましょう。
中2,2026,2026/7/29 18:50,数学,"本日は一次関数の利用、直線と交点などを扱いました。利用の問題はある程度考えられていましたが、まだまだ数字を適当に組み合わせている印象があります。必ず図を書いてxがどの部分を表すかを考えてから式を作りましょう。
直線と交点の問題では座標自体が分かっていなかったようで改めて確認しました。以前やった交点の座標の求め方はなんとか思い出すことができました。この辺りはこれまでやったことの組み合わせなので、答えを出すために何を考えなければいけないのか、自分は今何を出しているのかを考えながら、式とグラフを自在に行き来出来るようにしていきましょう。"
中2,2026,2026/7/29 18:50,英語,本日は宿題をあまりやってきていなかった＆前回内容をほとんど忘れていたため再度be動詞と一般動詞の否定文、疑問文から始めました。再度解いてもらったところなんとなく書いている様子でしたが、基本的な文の形を確認した後はある程度その通りに書くことが出来ていました。単語や人称代名詞など基本的な知識が抜けているので、都度覚えながら進めるようにしましょう。明日はP8から進めます。
中2,2026,2026/7/29 18:50,数学,2コマ連続のため、2コマ目にまとめて記載いたします。
小6,2026,2026/7/29 15:50,算数,本日も引き続き面積比を扱いました。前回の授業でやった例題や類題は全く覚えていない様子で改めてイチから説明しました。次のタイプの問題も同様で、底辺が等しいときは面積の比=高さの比を説明しているときは頷いてくれるものの、ただそれを当てはめれば良い問題でも完全に停止してしまいます。この辺の比は何と同じ？と聞いても説明した際の板書ではなくテキストの何処かに答えを探している印象で、なかなか答えられませんでした。一方で一度問題を解くと同じ形式の問題は解けることから、解き方を覚えて当てはめる習慣が強過ぎて意味を考えることや試行錯誤してみることができなくなっているようです。この習慣をなんとか崩せるようにしていきたいと思います。
高3,2026,2026/7/28 17:20,数学,"本日も引き続き基礎問題精講を進めました。データ分析、整数問題ともに順調に進んでいるようで何よりです。答えを書く前に何が問われているのかをチェックしてから書くようにしてください。途中で答えを見たものについては後で確認できるように問題に印をつけておきましょう。
そろそろ1Aが終わるので2Bを購入しておいてください。"
小6,2026,2026/7/28 17:20,算数,本日は比例について扱いました。基本的な関係性、表の穴埋めはよく出来ていました。計算が二段階必要なものになると手が止まってしまったり、何を計算するのか分からなくなってしまっている印象でした。対応表を作ると計算できているので自分で書いてみるように指導していますが、まだ書かずに悩んでいることも多いので根気強く伝えていきます。
小6,2026,2026/7/28 15:50,国語,"本日は言語事項の確認から始めました。敬語はよく出来ていましたが、熟語の成り立ちなどは一度やった問題も多かったものの意味はあまり覚えていませんでした。
その後は科学系の説明文を扱いました。1つ目はある程度きちんと読めていたようですが、抜き出し問題の指示を完全に無視してしまっていました。また、2つ目も同様で、意味を考えずに傍線部の周辺を適当に書き抜いた印象です。まず設問をきちんと読むこと、問われている内容がどのあたりに書いてあるか考えることからスタートできればと思います。"
中3,2026,2026/7/27 18:50,数学,本日も引き続き二次関数の応用問題に取組みました。一つ一つは理解できるものの自分では考えられていないという状況です。図はかなりきちんと書き込むようになってきましたが、問題文でわからなかったことの何が分かるようになったのかを気付けるようになるまで演習を積む必要がありそうです。問題を解いたあとに何をどの順番で考えたのか？聞かれたことを求めるために逆算するとどうなるのか？などの、数学の応用問題の考え方を鍛えていければと思います。
中2,2026,2026/7/27 18:50,数学,本日も中1の復習から始めました。正負の計算の特に足し算、引き算がまだ怪しいのでこの点は今後も注意して見ていきます。文字式の計算は比較的よく出来ていましたが、前述の計算自体が怪しいのと、マイナスの括弧を外す際に分配されることへの意識が甘いため気を抜くと間違えてしまう状況です。その後中2範囲に入り多項式の計算を扱いました。項や次数といった言葉の定義を覚えていないようだったので、しっかり覚えていきましょう。
中1,2026,2026/7/27 17:20,国語,"本日は前回範囲の復習から始めました。記述問題で設問への意識が甘い点が注意が必要です。書き始める前に再度何を問われているのか、なんと答えるのかをチェックするようにしましょう。
その後文法トレーニングに進みました。こちらも同様で、主部なのか主語なのかなどに気をつけて取り組みましょう。文節で答える問題で単語で答えてしまうことが多いのも気になります。言われれば気付けるようですが、自分で確認する癖をつけていきましょう。
また、連用修飾語がやや苦手なようです。そもそも修飾するという意味、関係性がピンときていないようなので問題文を細かく分析しながら確認していきました。まだ苦手なようなので次回も扱います。"
中2,2026,2026/7/24 18:50,数学,本日は連立方程式の利用の文章題を扱いました。宿題の範囲があまりできていませんでした。最初は式はあっているものの計算で間違っており、特に引き算が怪しいので丁寧に計算し確認しながら進めるようにしましょう。次の代金等の問題はよくできていましたが、最後の2桁の整数を扱うタイプの問題はやや抽象度が高いこともあって苦戦してしまいました。十の位をx、一の位をy、元の数が10x+y、入れ替えた数が10y+xはどの問題でも変わらないのでこれは覚えてしまって、あとは設問の○○は○○の4倍とか、○○と○○の和は13とかを順番に式にしていきましょう。
中2,2026,2026/7/24 18:50,"国語,数学",本日は学校の数学のワークが分からないとのことだったので、連立方程式の速さに関する単元を扱いました。問題によって与えられる数値と求める数値が違うためどんな式を作ればよいかがわからなくなっているのが要因です。速さの問題は道のりか時間の式を作ること、その前に表を作って問題を整理することが重要です。また、単位がkmなのかmなのか、時間なのか分なのかにも気を付けて式を作りましょう。
中1,2026,2026/7/24 17:20,数学,"最初に学習状況を確認しましたが、夏休みの宿題も7月中に終わりそうとのことで順調そうです。英単語が覚えられないとのことだったので、その場で1ページ分覚えながらやり方を確認しました。
数学についてはまず宿題の確認をしましたが、かなりちゃんとやってきてくれたようです。割合はやっているうちにやり方だけ覚えて意味を忘れているようだったので再度確認し、分数の掛け算についても復習しました。その後文字式について扱いました。項や係数といった言葉の定義通りに考えるのが苦手なようで、何回もマイナスを忘れたり文字を混ぜたりしてしまっていますが、その後の計算は比較的スムーズに進められました。が、今度は分数の足し算が出来ていなかったので復習しました。"
小5,2026,2026/7/24 15:50,国語,本日も引き続き説明文を扱いました。読んでいる途中でやや集中力が低下した様子ではありましたが、一度会話して内容を整理して設問を解き始めてからはどんどん進めることが出来ていました。正答率も高いです。記述問題は参照箇所は合っているものの、求められるボリュームの倍ぐらいを丸ごと抜き出すような書き方になってしまっているので、◯が・するぐらいのシンプルな文で考えてから付け足していくように伝えています。ただこの部分が苦手な印象で、全体としても文の意味がわかっていないわけではないが、抽象化や対比の把握等ができていないようです。今後も一言で言うと？何を比べてる？などの問いかけをしながら鍛えていきます。
中3,2026,2026/7/23 20:20,英語,"そろそ宿題をきちんとやってくるようにしてください。
本日は不定詞と動名詞を扱いました。前の動詞、前置詞に応じて不定詞か動名詞かを選択する問題はよくできていました。どちらも動詞を変形させて「～すること」という意味になるカタマリをつくるという根本をしっかり頭に入れて問題に取り組むようにしてください。宿題は前回分もあるのでやや多いですが、難しい問題ではないのでどんどん進めるようにしましょう。また、分からなかった単語はメモしておくようにしてください。
"
高3,2026,2026/7/23 18:50,英語,本日も構文の確認を行いました。まず主語になるのは名詞だけ、前置詞がついている名詞は主語にならないという大原則を押さえましょう。また、分詞や不定詞、動名詞などを復習しながら進めるようにして下さい。今やっている内容は一文を文法に基づいて正確に訳すためのものなので、その観点を忘れずに取り組みましょう。分からないところはメモしておいて授業の際に質問するようにして下さい
中3,2026,2026/7/23 18:50,英語,"宿題はきちんとやってきてくれていますが、受動態の1番重要なポイントである目的語を主語にした文という点が抜けていたので再度説明しました。復習の際は問題を解く前に説明部分を確認するようにしましょう。
今回は関係代名詞の目的格を扱いました。初めての単元でしたがよく理解できていたと思います。最上級や受動態が絡む問題で間違えてしまっていたのでしっかり復習していきましょう。"
小5,2026,2026/7/23 15:50,算数,"本日は平均の続きで面積図を扱いました。説明の後問題を解いてもらうとほとんどできず、改めて解きながら説明しました。その後類題を解いてもらいましたが、例題のままの図を書いて大小関係が逆になってしまいました。指摘すると気付けるのですが、自分で考えながら解ける状態には至っていないようです。また、小数の計算がやや怪しかったので再度確認しました。
その後単位量あたりの計算を扱いました。この単元は皆苦手ですが、やはりなんとなく大きい数字を小さい数字で割ってしまったので、〇〇あたりと書かれている数字で割るように指導しています。最初に意味を確認しましたがそこから計算式を出すまでは出来なかったので、まずは計算方法を覚えて貰えればと思います。"
中2,2026,2026/7/22 18:50,英語,本日はテキストの最初の中1の復習の範囲を進めていきました。まずbe動詞と一般動詞の区別、それぞれの否定文や疑問文の作り方が分かっていないようだったのでその点の説明から始めました。なんとなく疑問文だからDoから、みたいな感じて書いてしまっているので、be動詞の文であればbe動詞を前にだす、一般動詞はDoを前につけるというように、機械的に処理していくように伝えています。まずはこのあたりの基本事項を復習したうえで2年生の範囲に進み、夏期講習中に多少2学期の予習が出来ればと思います。
中2,2026,2026/7/22 18:50,数学,"本日は引き続き一次関数のグラフを扱いました。前回の内容を忘れてしまっていたようですので、宿題は早めに取り組むようにして下さい。
そのまま一次関数の利用の単元に進みました。まだなんとなく掛けてみたり代入してみたりする癖が見られます。問題で問われていることがグラフの何に当たるのか、直線の式の何にあたるのかを一つ一つ考えながら取り組みましょう。面積を求める問題では必ず図を書いてら、底辺や高さがどう表されるのかを書き込んでから図に沿って計算しましょう。適当に数字を取ってきて計算するのはNGです。"
中3,2026,2026/7/22 17:20,国語,"本日はこれから受験に向けて何をしなければならないのかを、過去問等を見ながら一緒に整理していきました。夏休みの間には神山に向けて志望理由を形作っていくこと、動画課題の題材となるモノづくり、筆記試験の対策が必要となります。木更津高校に向けては当日のテストで7割が目安ですので、過去問で見たように基本問題を落とさずに得点することが非常に重要です。
授業は数学と国語という形式にして、数学はまず中3の残りの範囲を早期に終わらせつつ基本を固めたうえでで神山で出るような思考力問題に取り組んでいくこと、国語では神山の過去問を中心に読解力を鍛えつつ、小論文の問題にも取り組み文章を書く力も養っていければと思います。"
小6,2026,2026/7/22 15:50,算数,"引き続き三角形の面積比について扱いました。前回やった三角形の一部を分数で表す方法を忘れてしまっていたので再度確認しました。また、分数で表したあとにそのまま比で表すことが出来ず、一旦面積を出してから比に戻すという二度手間も発生してしまっており、全体として比で表す、分数で表すといった概念がまだ身についていない印象を受けます。その後は四角形の面積比に入っていきました。説明しているときや詰まった時の問いかけは正しく答えられているのですが、自分でゼロから解くとなると三角形の時の解き方をそのまま当てはめてしまいます。
一度書いた式を使ってこれは何を計算してる？どこの面積？などを問いかけながら、自分で考えて式を作れるように鍛えていければと思います。"
中3,2026,2026/7/21 20:20,数学,"本日は二次方程式の解き方を復習したあと応用の問題に取組みました。まずどの問題も解き方を覚えるのではなく何をやっているのかの意味を考えながら取り組むようにしましょう。数学は比較的理解できていると思うので、忘れないようになぜこの作業をしているのかを意識して取り組んで下さい。
応用の問題はとにかく式を作り、作ったらそれを解くこと、xを出したら問われているものが何かを確認したうえで答えを書くことに気を付けましょう。
"
中2,2026,2026/7/21 18:50,英語,"本日も引き続き不定詞を扱いました。何度もやっていますが、前から訳せば良いわけではないので、必ず構造を確認し、その通りに訳すように徹底していきましょう。今回やったIt is - for 人to doも形を覚えてその通りに書く、訳すことを徹底しましょう。
また、基本単語がかなり抜けているので単語を覚える時間を必ず取ってください。説明したとおり、まず訳す練習、次に単語を言う練習、最後に書く練習の順に進めましょう。
"
小6,2026,2026/7/21 17:20,算数,"本日は宿題の体積の求め方を確認から始めました。基本は問題なく出来ていましたが、複雑な図形の際に三角形なのに÷2を忘れてしまっていたので注意が必要です。
後半はおよその面積でいびつな図形の面積や体積を扱いました。こちらは良く出来ていました。
最後に持ってきてもらった志学館の過去問を一緒に確認しました。大問1,2はすでに習ったやり方で解くことが出来ますが、残りの問題に関してはやや特殊な考え方が必要な物があるので、今のテキストが終わったら予定通りやや難しいテキストに進み、その後に過去問に取り組みます。"
高3,2026,2026/7/21 17:20,数学,"本日は確率について学びました。しっかり疑問点を洗い出していて素晴らしいです。確率は排反や余事象など用語がややこしい部分はありますが、あまりそこにとらわれず、どうすれば確率を計算できるかをしっかり状況をイメージして考えるようにしていきましょう。
数2Bも取り組んでいきたいので残りの問題をどんどん進めるようにして下さい！"
小6,2026,2026/7/21 15:50,国語,"本日も引き続き説明文を扱いました。宿題でやってきた文章は良く出来ていましたが、まだ指定字数に対して半分ぐらいしか書かないまま終えてしまっていることがあります。9割以上を目指して字数を確認しながら書くこと、要素が足りない場合は理由を補うことを伝えています。
また、後半の文章では内容がやや難しかったのもありますが、何によるものですかという問いの意味が分かっていなかったようで改めて因果関係について説明しました。簡単な例文だと意味が分かるので、知らないと言うよりは、自分が分からないテーマについての文章を論理関係から読み解くという行為をしていない印象です。出来るだけつまり？なんで？たとえば？を問いかけながら進めさせて姿勢及び技能を鍛えていければと思います。"
中2,2026,2026/7/20 18:50,数学,今回は学校の宿題を少し確認したところ、連立方程式の解き方は分かっているがそもそも式変形の方法が怪しい印象だったため、テキストの前半の1年の復習の単元を最初から進めていきました。基本は正負の数の計算を扱いましたが、5-(-5)=5+5といったマイナスのかっこを外す際の計算、-9-12のようなマイナス引くマイナスの計算が苦手な印象を受けました。その他の問題はよくできています。全く覚えていないというよりは忘れている、理解はしているけれど身についていないままのようですので、この点は夏休みの課題として進めていきます。
中3,2026,2026/7/20 18:50,数学,"本日も放物線と図形の単元を扱いました。この単元はとにかく点の座標を文字で置く→成り立つ式を作る→式を解くが鉄則です。が、そもそもある点を通るということは、その直線の指揮に点の座標を代入できるということだという基本事項がまだ身についていないようでした。また、図を書いて自分で分かる部分を書き加えていくという試行錯誤する部分も少し弱い印象なので、一通り範囲が終わったら過去問等を通じて練習が必要そうです。
宿題で一次関数の基本問題を出しているのでしっかり復習してきてください！"
中1,2026,2026/7/20 17:20,国語,"本日は最初に高校入試の仕組みについて少し話しました。まだ具体的な志望校があるわけではないですが、内申点を上げるためにも夏休みの間に理科は一通り予習していきましょう。
国語はワークを進めていきました。全体的には良く出来ていましたし、読むのも解くのも早さは十分です。一方で、〇〇はこのためです、という表現の意味がわかっていなかったため、因果関係について確認しました。また、内容説明問題も本文と書き方が違うと書けなくなってしまっている箇所があったため、書かれている内容をまとめて表現する練習も必要そうです。ある程度テキストをすすめたらそのあたりに取り組んでいきます。"
小5,2026,2026/7/20 15:50,国語,本日も引き続き説明文で段落関係を扱いました。本文と設問で違う書き方(〇〇がその代表的な例でしょう、代表的な例として〇〇が挙げられる)になっている時にうまく考えることが出来ていませんでした。このあたりの、書き方は違うけれども言っていることは同じを理解できるかどうかが文章読解においても選択肢の問題でも非常に重要なので、文章の一部分を簡単に言い換える練習などで鍛えていければと思います。また、後半は対比がうまく掴めなかったようです。法律と憲法が違うものであるという知識がなかったのが一番の要因ですが、文章の書き方から対比を見抜く練習も必要そうです。
中2,2026,2026/7/17 18:50,数学,"本日は宿題範囲のできなかったところを復習した後、割合の問題に進みました。宿題範囲の代金の問題は計算の仕方の誤りが要因で、十の位と1の位の数はややながい文を式にするのに苦戦した様子でした。わかりにくい時は塊をそれぞれAとB
に置き換えて式を作るように指導すると正しく式を作ることが出来ていました。割合についてはそもそも100円の30%等が怪しかったのでその点の復習から始めました。一応理解してくれたようには思うので次回進めていきます。
理科と社会の夏休みの宿題は早めに取り組むようにしてください！"
中2,2026,2026/7/17 18:50,国語,本日は数学の単元テストの復習から始めました。表面は計算の間違い（式どうしを引くのか足すのかがあいまいになっている）が失点の要因で、裏面の利用の問題は式をなんとなく作ってしまっている様子でした。割合では変化量を表しているのか変化後を表しているのかを考えること、速さ関連の問題であれば道のりの式と時間の式を作ることを覚えておくことが出来れば、自分で式を作ることが出来そうです。
中1,2026,2026/7/17 17:20,数学,本日は文字を使って数量を表す単元を扱いました。まず分数の計算や割合の概念、面積の求め方など、小学校の内容が完全に抜けているためその点を復習しつつ進めました。一度説明した後は問題なく解けているものも多いですが、文章であらわされているタイプの問題はなんとなく式を作っていることが多いです。落ち着いてじっくり読めば自分で解けないわけではないので、一つ一つ頭を使いながら取り組むようにしていきましょう。
小6,2026,2026/7/17 17:20,国語,今回も引き続き論理について学習し、対比を扱いました。対比の関係はよく理解できていて、ほとんど間違えることなく進められました。むしろヨーロッパはイタリアやフランスの総称であるということや、オアシスとは何かなど、言葉を知らいないことによって間違えてしまう問題が多かったため、今後も文章を扱いながら語彙力を高めていければと思います。次回からはテキストに戻って文章を進めていきます。
小5,2026,2026/7/17 15:50,国語,本日も引き続き説明的文章を扱いました。前半の問題はスムーズに解くことが出来ましたが、後半の全体を問うような問題、筆者の考えを問うような問題は苦戦してしまいました。やや論説文ぎみだったため、一般論と筆者の意見の対比や、事実と意見の違いがよく分かっていなかったように思います。段落ごとに何の話をしているのか確認し、どこからどこまでが一般論なのか等を一緒に確認してなんとか答えに辿り着くことができました。今後も同様に考える時間を作っていきたいと思います。
中3,2026,2026/7/16 20:20,英語,"本日は前置詞とThere is の文について扱いました。知らないものも多かったですが、一度やったものは比較的すぐに覚えて使うことが出来るようになってきました。このあたりからは一文の単語数も増えてくるので語順を意識して考えるようにしていきましょう。
宿題はやや多めなので毎日取り組むようにしてください。範囲的には基本事項の復習なのでどんどん進められるはずです。"
中1,2026,2026/7/16 17:20,数学,"最初に宿題を確認しました。これまでに比べると途中式を書いてくれることが増えた点は非常に素晴らしいです。
間違っているポイントは2点で、マイナスの括弧を外す時の2項目の符号を変え忘れていることと、分数で割る際にそのままかけてしまっていることです。今後も使う法則なので正しい方法を確認した後次の単元に進みました。文字式×数の計算でしたが、やはり分数は苦手なようで、3分の1を掛けるはずが3を掛けてしまったり、2項目に掛け忘れてしまったりしています。とにかくこのあたりのミスを防がなければならないので、縦に式変形すること、符号の位置を揃えることを指導しています。
最後に方程式に入りました。おおよそ問題なくできていますが、余りのある計算などは混乱してしまっていたので、図を書いてみたり普通の数字で式を作って見るように指導しています。
※次回夏休みの宿題一覧を持ってきてください！"
小5,2026,2026/7/16 15:50,算数,"本日は平均を扱いました。計算の仕方はすんなりと理解してくれたようですが、小数点が出てくる割り算のやり方を覚えていなかったようで、改めて位について確認しました。そもそも15が15.0であることが分かっていなかったようなので再度説明しました。0.9が1より小さいことは分かるものの、計算するときはそんなことにお構いなしで15を0.15にしてしまうなど、まだまだ作業手順としてしか捉えられていないようです。同様に、平均を求めることは出来ても合計と平均から個数を求めるなどはできないこともあります。まず大まかに数値を予想して書いた上で問題に取り組むことで間違いに自分で気付けるようにしていきます。
問答中はしっかり考えて答えてくれるようになってきた気もするので、引き続き意味を問いかけながら進めていきます。"
高3,2026,2026/7/15 20:20,英語,本日も引き続き構文の演習を進めました。主に接続詞についての単元でしたが、全体としてはかなりスムーズに構文を考えられるようになってきました。一方で品詞への意識はまだまだ弱く、形容詞や前置詞+名詞をOにしてしまうことが多いのでその点は注意が必要です。今やっている基本的な形を正確に訳せるようになればあとは単語を覚えながらスピードを上げていくだけなので、一つ一つ丁寧に復習しておいてください！
中2,2026,2026/7/15 18:50,英語,本日は不定詞の副詞的用法の復習の後、形容詞的用法へと進みました。どちらもそうですが、不定詞の単元は日本語のどこからどこまでが不定詞のカタマリなのかを考えてから取り組むようにしてください。「私は○○のために××する」だったら、英語は「私は××するto〇〇」になるという感覚をつかめるかどうかがポイントです。今回の形容詞的用法も同様で、読むべき本はa book to read で、to read a book(本を読むこと）ではないということを意識しながら問題に取り組みましょう！
中2,2026,2026/7/15 18:50,数学,"本日は宿題の一次関数の式を求める単元から始めました。初めはよくできていたのに、途中からやり方が変になってしまっていました。
後半の一次関数のグラフを書く単元も少し理解に時間が掛かりましたが、残りの問題は間違えずに解き切ることが出来ました。最後に連立方程式の利用の問題に戻りましたが、式を間違えたり、連立方程式は解けているのにこたえるものを間違えたりしてしまっていました。一次関数も同様ですが、それぞれの文字は何を表しているのか、自分の作った式は何を表しているのか、設問で何を聞かれているのかを考えて解くことが必要です。"
小4,2026,2026/7/15 15:50,国語,本日も引き続き説明文を扱いました。相変わらず全体としてはどんどん解き進めるものの、少し長めの記述問題や分からない問題は再度一緒に読み直しても手が出ない状態でした。特に具体抽象の関係がまだよく理解できていないようで、何の例として出しているか？という問いにはかなり苦戦してしまいました。好き嫌いが分かれるものがある、例えば納豆など、という文章だったのですが、好き嫌いが分かれるの部分は頭に入らず、納豆が臭いというところだけ記憶に残っているような感じでした。説明文に関しては一文ずつ丁寧に論理を整理していく練習がまだまだ必要そうです。
小6,2026,2026/7/15 15:50,算数,本日は引き続き面積比について扱いました。まず割合についての理解があまり出来ておらず、5分の1の2分の1が10分の1という点を様々な図を書きながら説明しました。その後三角形の面積について、辺の比からそれぞれの三角形が全体の何分の何かを求める問題に取組みました。説明している段階では一つ一つの問いには答えられるものの、類題になると完全に手が止まってしまいました。改めて説明しながらなんとか解くことが出来ましたが、まだまだ数字を覚えた通りに計算する傾向が強いので、じっくり考える練習を増やしていければと思います。
中3,2026,2026/7/14 20:20,数学,本日は平方根の計算から始めました。宿題では間違えていた問題も落ち着いて解き直せば正解のものもあったので、ひとつひとつ丁寧に式変形するようにしていきましょう。その後は式の値に取組みました。理解はしているようですが、問題を問いている途中に余計なことを考えるのが課題です。そのページを解き終わるまで顔を上げずに問題に取り組むようにしていきましょう。
小6,2026,2026/7/14 17:20,算数,本日は前回の円や扇形の面積の続きから始めました。一部宿題範囲が解けていませんでしたが、一緒に考え方を確認すると問題なく解くことが出来ていました。また、併せて学校で今やっている範囲の問題も一緒に考えました。一部の考え方のみ少し納得できていない様子でしたので、一つ一つパーツに分けて考えてみるように指導しています。後半は体積を扱い、概ね問題なく出来ていましたが、三角形の面積の÷2を忘れてしまったり、底面積を出して満足してしまったりと抜けている箇所があったため、宿題でしっかり練習してもらえればと思います。
高3,2026,2026/7/14 17:20,数学,本日は順列と組み合わせの後半をメインで扱いました。自分でやっていて分からなくなったとのことでしたが、Pを使うかCを使うかというよりも、どうやって数えれば良いかを考えるようにしてきましょう。特に自分で図を書いてみて納得することが重要です。どの問題も一見複雑ですが、結局はこう考えたらこの計算で出せるといった風に数え方の整理でしかないので、なんどかやってパターンに慣れるのも有効です。
小6,2026,2026/7/14 15:50,国語,本日も引き続き物語文を扱いました。比較的よく解けていますが、記号問題も記述問題もあと一歩という印象です。どちらも共通して、一部の要素のみ考えてそのまま答えてしまっているようで、この部分はあっているがこの部分が違うとか、この部分の記述が足りないといった間違いが生じています。記述であればまず一番直接的な答えは何かを考えて付け足していく、記号であれば二択まで残した後に選択肢を見比べて本文に合うものを選ぶという点を今後も指導していきます。
中3,2026,2026/7/13 18:50,数学,本日も引き続き二次関数のグラフと図形の応用問題を扱いました。ここは高校受験の難問の定番でもあり完全に手が止まってしまっていましたが、分かることを書いていけば意外とややこしい知識も閃きも必要のない単元です。とにかく何よりも先にめんどくさがらずにグラフを書き、問題文にある情報を書き込み、座標が求められそうなものはすべて求めるまでやりましょう。そうすれば考えることはさほど多くないはずです。また、面積は座標から求められるので変形して計算する方法を覚えましょう。
中1,2026,2026/7/13 17:20,国語,本日も引き続きテキストを進めていきました。漢字や言葉の意味の部分はしっかり出来ていました。本文を要約するタイプの穴埋めの問題では言い換えに気付けずにかなり苦戦してしまいました。どうも飛ばし読みしている印象で、単語の取り違いも目立ちました。本文と設問で述べ方が少し違っているとわからなくなっている様子なので、まず本文を読む際に意味、イメージをしっかり考えながら読んでいくことが必要です。
中2,2026,2026/7/10 18:50,数学,本日は連立方程式の利用、文章題を扱いました。代金や個数の問題は良く出来ていましたが、十の位の数と一の位の数をxyとする問題はなかなか意味が理解できずに手間取ってしまいました。概念としては少しややこしいですが、出てくるパターンはいつも同じなので、覚えてしまうのも一つの手です。その上で、問題文に書かれている内容を正確に式にしていくことを徹底しましょう。分かりにくいからなんとなく式を書いてしまっていることがあります。落ち着いて一つずつ書き換えていけば分かったと思うので、毎回その調子で取り組んで下さい！
中2,2026,2026/7/10 18:50,国語,本日も引き続きテキストを進めていきました。漢字自体は書けているものの、熟語の意味から正しい感じを書く練習はもう少し必要そうです。後半の文章問題は問題もスムーズに解き進めることが出来ましたが、穴埋めの問題で本文と表現が一致しない場合に手が止まってしまいました。きちんと論理関係を考えて本文の同じ関係性の場所を探す練習をしていきましょう。
小6,2026,2026/7/10 17:20,国語,本日も引き続きプリントで論理関係について学びました。因果関係の宿題はほとんど間違えずに出来ていまして今回は抽象具体の関係について取組みました。最初はやや苦戦していましたが、後半はかなりスムーズに進めることができました。ただ、段階が複雑になると抽象度を整理しきれていないこともあるので、もう少し練習して精度を高めていきたいところです。引き続き論理の演習を進めていきます。
中1,2026,2026/7/10 17:20,数学,"前回かなり口うるさく言って丸付けをして来ましたが、途中式は全く書いておらず解き直しも答えを書いただけで出来るようにはなっていませんでした。出来ていないところは授業で説明するので、必ず解いた過程をノートに残してくるようにしましょう。また、分数の足し算引き算が怪しいためもう少し練習が必要そうです。
授業では文字式を扱いました。最初の問題と同じように書けば良いと思っている節がありましたが、一度説明した後はすんなり進められました。文字の掛け算割り算も問題なく出来ていますが、±の箇所は別になることを忘れないようにしましょう！"
小5,2026,2026/7/10 15:50,国語,本日からまた説明分に入りました。段落の要点や段落の関係がテーマの単元で、しっかりと読んで答えることが出来ていました。記述問題の際は理由を聞かれているのか内容を聞かれているかで結びを変えなければならないことは何度かやっているはずですがなかなか思い出せなかったので、今後も毎回チェックしていきます。また、理由と根拠の違い等、細かい論理関係についても問題を通して理解させられればと思います。
中3,2026,2026/7/9 18:50,英語,"本日も復習部分の確認から始めました。丸付けはしてきたものの一部抜けていて、まだまだ作業としてやっていて「自分のできない部分を探して埋める」という感覚が少ないようです。きちんと解説を読んで覚えるまでやりましょう。
その後テキストの続きで分詞と関係代名詞を扱いました。この単元はメインのSVOCと修飾部分を分けて考えることが非常に大切です。なんとなく単語を並べるのではなく、日本語をきっちり分析してから問題を解くようにしましょう。"
中1,2026,2026/7/9 17:20,数学,"本日は宿題の確認から始めました。文字で表す問題で、半分ほどは出来ていました。%の問題は小数ではなく分数で書けば◯だったので問題ないですが、100gあたり等の単位量あたりの計算や速さの問題の単位などを正しく使えていなかったので、この辺りは分からなかったらまず普通の数字で考えて式を作ってから文字に置き換えるなどして考えるようにしていきましょう。
後半は文字式の加法減法を扱いました。基本は問題ないですが、マイナスの括弧を外す時に符号を間違えがちでなので、その点に注意して宿題に取り組んで下さい！"
小5,2026,2026/7/9 15:50,算数,本日は分数の掛け算割り算を扱いました。計算法則も問題ないですし、前回やった約分もしっかりできています。一方で仮分数と帯分数の行き来が出来ていませんでした。どうも分数のイメージがついていなかったようなので、様々な図を書きながら説明し、なんとか理解してもらえたと思います。その後の割り算はスムーズにいきましたが、一番最初の分母と分子をひっくり返した掛け算にする部分がどうしても忘れてしまうようですので、今後も練習は必要そうです。
中2,2026,2026/7/8 18:50,数学,"本日は引き続き一次関数を進めました。まだまだ意味を考えずにとりあえず代入してみる等の良くない癖が見て取れます。増加量とはどれくらい増えたかという意味なので、変化後から変化前を引くということだと考えながら式を作るようにしていきましょう。
後半の一次関数の式を求める問題も基本的な問題は出来ていましたが、条件の与えられ方が変わるとできなくなってしまうことがありました。どの問題も傾きを求めてから通る点を代入して切片を求めているという方針は一緒なので、その点から逆算して傾きをどうやって求めるかを考えるようにして下さい。"
小6,2026,2026/7/8 15:50,算数,"最初は前回に引き続き速さのグラフから扱いました。もう3度目ですが、まだ「出会う」と「追いつく」の違いを一切考えずに問題を解いている様子で、速さの差で割るのか和で割るのか改めて確認しても二択のクイズのようになってしまいました。また、単純な問題はある程度解けるものの、①それぞれの速さを求め②二人の距離を求め③すれ違うまでの時間を出す、のように3ステップになってくると途中で何をすれば分からなくなってしまう様子です。この辺りは今後も課題になってくるかと思います。
後半の面積比の問題は概念は理解して解くことが出来ていましたが、何を問われているかを間違ってしまうことがまだまだ多いので、きちんと問いを確認してから答えを書く癖をつけさせていきたいです。"
小4,2026,2026/7/8 15:50,国語,本日は宿題をやってきておらず、集中力もかなり低い様子で手遊びが目立ちました。一方で問題も記号問題などはすらすら解くことができていましたし、抜き出し系の問題もほとんど間違えることなく進めることが出来ています。ただ、長い記述は諦めてしまうことが何度がありましたし字数指定や回答の形式を無視してしまうことが多々あるので、もう少し設問をきちんと読んで丁寧に解くように指導していきます。
高3,2026,2026/7/7 17:20,数学,本日は場合の数の単元を進めました。r!=r × (r-1)!は場合の数の計算の際にはよく出てくる変形なので、なぜそうなるかも含めてきちんと理解して頭に入れておきましょう。また、証明問題ではいきなり証明する式を書くのはNGです。左辺から変形していって右辺に寄せるか、両側から変形したものを最後にイコールで結ぶか、左辺-右辺の形にして0を導くかの方法をとるようにして下さい。テストも明日で終わると思うので、1日4題を目安に進めていきましょう。
小6,2026,2026/7/7 17:20,算数,"本日は前回に引き続きデータの扱いについてで、グラフの読み取りがテーマでした。様々なタイプのグラフが出てきましたが、きちんと読み取ることができていました。割合の求め方はやや忘れていた様子でしたが、簡単な問題で確認すると思い出せたようです。6桁÷5桁の問題では手が止まってしまっていたので、大体の数字で計算するように指導しました。
後半は円の面積に入りました。初めて習う単元でしたが問題なく解き進めることができていました。小数点の位置のみ注意が必要です。"
小6,2026,2026/7/7 15:50,国語,"本日は宿題の熟字訓の確認から始めました。正答率は半分弱で、意味を知らない単語も多かったので、解説しながら進めました。
後半引き続き物語文に取組みました。1つ目の文章は全問正解で非常に素晴らしいです。2つ目の問題もメインの記述問題以外は正解でした。記述に関してはメインの要素はしっかり書けていましたが、もう一方の要素が抜けてしまっていたので、いくつかの要素に分けて重要度を考えてから書くように指導しています。"
中3,2026,2026/7/6 18:50,数学,今回も引き続き二次関数を扱いました。どうも方程式の応用と同じく、問題文に書かれている日本語を式にすることに慣れていないことが要因で手が止まってしまうことがありました。どうやって求めるかを考えるのではなくとにかく式を作って方程式を解くという手順で考える癖をつけていく必要がありそうです。二次関数そのものについてはある程度理解できていますが、まだ勘違いしていることも多そうなので、宿題の取り組むときも答えだけでなく図や式を書いてくるようにして下さい。
高3,2026,2026/7/6 17:20,理科,"今回は生物の問題演習の確認を行いました。一部基本的な用語を覚えられていない箇所があるので、覚えてからテストに臨むようにしましょう。また、問題によってどこまで詳しく書かれているかが違うので、そのあたりを考えながら取り組むようにすると良いでしょう。
発展問題について、C4植物やCAM植物等、ノートに載っていなかったものについては教科書や問題集のまとめを参照して覚えなおすようにしてください。実験系の問題は知らないことが出るのが普通と思って良いので、リード文をよく読んで考えるようにしてください。"
中1,2026,2026/7/6 17:20,国語,本日も引き続きテキストを進めました。知らない言葉が出てきてしまうと読めなくなってしまうことがあったので、意味がわからない単語についてはメモしておいて授業時に質問するようにして下さい。また、知らない漢字でも、一部がほかの漢字になっている場合は（形声文字）同じように読めることがあるので、とりあえず書いてみるようにしましょう。（狩→守）（忌→己）
小4,2026,2026/7/6 15:50,算数,本日は前回の続きで面積について扱いました。最初の計算はできていましたが単位の換算が全く出来ておらず、図を書いたり書かせたりしながら長時間練習しましたが実際の問題は自力では解けませんでした。また、一度1aが100㎡の問題をやったあとに、c㎡を㎡に直す問題に取り組むと、事前に図も書かせて1㎡が10000c㎡であることを確認したにも関わらず、0を2つ消して答えてしまうなど、とりあえず計算法則をなんとなく当てはめているだけのようです。なんとか後半は自分で計算できるようになってきましたので、明日は次の範囲に進みます。
中2,2026,2026/7/3 18:50,国語,"学校がかなり飛ばして進んだようなのでテキストに戻って進めました。漢字は概ね分かっていましたが、一部見慣れない読みのものが出来ていなかったのでこれを機に覚えておきましょう。文章の方はスムーズに解き進めることができましたが、近くに答えが見つからない時に手が止まり諦めてしまっていたので、同じことが別の箇所に書かれていないか探すようにしていきましょう！
次回理科と社会のワークとテスト問題を持ってきてください！"
小6,2026,2026/7/3 17:20,算数,本日はデータ分析について扱いました。平均の求め方を忘れていたようでしたので復習から始めました。その後の度数分布表なども見慣れないものだったので理解するまではやや時間がかかってしまいましたが、その後はほとんど間違えることなく進めることができました。全部の合計を出すときは切りの良い数字になるようにしたり、十の位だけ先に計算するなどの工夫も覚えていきましょう。
中1,2026,2026/7/3 17:20,数学,"本日は宿題の間違えた部分の解き直しから始めました。解くだけでなく丸付けとやり直しまでやるのが宿題ですので、きちんとやってきて下さい。また、間違えた時に分かりやすいように途中式を残しておくようにしましょう。
また、テストの答案を見たところ小数の掛け算、通分、分数の掛け算などでの間違いがまだまだ多いようですので、毎回の演習時にどうやってやっているのかをしっかり覚えながら進めていきましょう。"
小5,2026,2026/7/3 15:50,国語,本日はまず物語文の続きを扱いました。やや長い文章だったこともあり読んでいるうちに疲れてしまった様子でしたが、一度確認するとその後は集中して取り組むことができていました。穴埋めの問題で手が止まってしまいたので、穴埋め以外の箇所に書かれている言葉と同じ言葉を文章中から探すように指導しています。後半の記述問題では、大まかには答えれているものの、より具体的な部分を探させるとストップしてしまう状態でした。もう一度段落全体を読み直させるとすんなり答えられたので、もう一歩だけ考えて読むことができれば一人で書ききれるようになるかと思います。
中1,2026,2026/7/2 18:50,英語,本日は宿題が出来ていなかったためそこから取組みました。疑問詞を使った疑問文の際になんとなく記憶に頼ってしまうので一般動詞の文にも関わらずbe動詞を使ってしまうことがありました。毎度のことですがなんとなく解くのではなく法則に従って書き換えることを徹底していきましょう。その後助動詞を扱いましたが、こちらはよく出来てきました。まだ意味を覚えきれていない様子なので、宿題に取り組む前にいったん覚える時間を取ってから始めてください。
中3,2026,2026/7/2 18:50,英語,"まず宿題についてはきちんと丸付けをして間違えたところを理解して解き直すまでやってください。やりっぱなしだと元々解ける問題が解けただけでほとんど意味がありません。
授業では原形不定詞や接続詞などのSVOO、SVOCの文を扱いました。今回習った文法事項はしっかり使えていますが、過去形にし忘れていることが何度かありました。点数を取るためにもこういう小さいミスを一つ一つをなくしていってください。主語、時制は常に確認する癖をつけるしかありません。毎回問題を解く前に三単現、過去形と唱えてから始めてください。"
小5,2026,2026/7/2 15:50,算数,本日は計算トレーニングの次の範囲のやり方を復習した後、テキストに入って分数計算の続きから始めました。通分の問題でしたが、相変わらず計算方法の暗記に頼っているのか毎回何をすれば良いかわからなくなっている状態でした。円を分けたり長方形を分けたりしながらなんとか出来るようになりました。また、問題文をノートに書けば横に並べて書けるので間違えにくくなるようでした。どうも分数の分母と分子を全く別の数のように認識していたのかもしれません。後半の割り算を分数にしたり小数を分数にしたりする問題は比較的スムーズに進みました。
中1,2026,2026/7/2 0:00,数学,"本日は宿題確認の後、文字式の続きを扱いました。文字式で表す問題はさほど間違えることなく出来ています。割合はやや記憶が怪しかったですが、一度説明した後はすんなり解けていました。一方で式の意味を日本語で答える問題はなかなか正しく書くことが出来ておらず式の値を求める問題はやり方は分かっているもののまだ正負の数の計算が完璧にはなっていないためミスが発生しています。括弧や途中式を省かずに書くことでミスが減らせるはずなのでめんどくさがらずに取り組んで下さい！
テストを確認したところ数学はミスさえなければ高得点が狙える状態なので頑張りましょう！また、理社は覚えきれてない印象を受けたので、毎週学校に合わせてワークを解き進め、テスト前は覚えるだけの状態にしておいてください！"
中1,2026,2026/7/2 0:00,数学,"本日は宿題確認の後、文字式の続きを扱いました。文字式で表す問題はさほど間違えることなく出来ています。割合はやや記憶が怪しかったですが、一度説明した後はすんなり解けていました。一方で式の意味を日本語で答える問題はなかなか正しく書くことが出来ておらず式の値を求める問題はやり方は分かっているもののまだ正負の数の計算が完璧にはなっていないためミスが発生しています。括弧や途中式を省かずに書くことでミスが減らせるはずなのでめんどくさがらずに取り組んで下さい！
テストを確認したところ数学はミスさえなければ高得点が狙える状態なので頑張りましょう！また、理社は覚えきれてない印象を受けたので、毎週学校に合わせてワークを解き進め、テスト前は覚えるだけの状態にしておいてください！"
高3,2026,2026/7/1 20:20,英語,"本日は英語の宿題確認から始めました。構造分析は慣れるまでは大変ですが、出来るようになればどんな英文でも訳せるようになるので頑張って練習していきましょう。まだ分詞が名詞を修飾することやSVOCへの意識が甘いので、そのあたりを考えながら取り組むと良いでしょう。
後半は生物のテスト範囲をざっと解説しました。代謝の範囲は細かい暗記事項が多いですが、まずは大枠から少しずつ細かくしていくイメージで覚えていくと覚えやすいはずです。どうしても無理やり覚える箇所も出てくるので、そのあたりは自分で図を書きながら覚える方法を模索してみて下さい。
来週の授業は月曜日に振り替えて実施します。"
中2,2026,2026/7/1 18:50,英語,本日は不定詞の副詞的用法で目的と感情の原因を扱いました。穴埋め系はさほど問題ないですが、oftenやearlyなど既出の単語でも意味が分かっていないものがあったので、このあたりを確実に覚えていくようにしていきましょう。また、並び替えの際に順番が前後してしまうことが多いです。どちらが不定詞にする部分でどちらが文の動詞なのかをきちんと区別してから書き始めるようにしてください。宿題は少し多いですが、一度やった問題なので、毎日少しずつでも進めるようにしてください。
中2,2026,2026/7/1 18:50,数学,本日は宿題の範囲が出来ていなかったので、改めて確認から始めました。なんとなく計算してしまっているものが多いのて、変化の割合、増加量といった言葉の意味をしっかり考えて、どういう順番で問われても答えられるようにしていきましょう。また、文を式にする問題も宿題の段階では出来ていませんでしたが、授業中は特に説明せずとも解くことが出来ていたので、宿題に取り組む際も同じくらいの集中力で取り組みましょう！
小6,2026,2026/7/1 15:50,算数,"本日は宿題の確認から始めました。しっかりグラフを書いて考えてくれているようです。一方で追いつくときと出会うときに計算の方法が違うことがあまり意識できない様子でした。グラフ全体の理解もまだ低いので、毎回この部分は何を表しているか、この時間の時はどういう状況かなどを考えさせるようにしていきます。
復習を進めている平均の方もしっかり考えることが出来ていますが、まだやり方を覚えているような印象も受けるので、毎回図を書きながらどこでどこを埋め合わせているのかをチェックさせていきます。"
小4,2026,2026/7/1 15:50,国語,本日も引き続き物語文を扱いました。今日は集中力が低く、問題を解く際はどんどん進められるものの、記述問題等で行き詰まるとすぐに文章から目を離して手遊びをしてしまうような状態でした。結果記号問題もなんとなく選んでおり、不正解であることだけ伝えると即座に違う記号を適当に選ぶという状況でなかなか真剣に取り組めなかったようです。後半はやや集中力を取り戻し、「ここをもう一回読んでみよう」と読み直させると正しく答えることができていました。
中3,2026,2026/6/30 20:20,英語,"本日は接続詞を扱いました。以前までに比べると書くのも早くなり、進められる量が少しずつ増えてはきました。ただ、文法構造もそうですが、とにかく接続詞の意味を覚えないことには何も始まらないので、まず覚えるところから始めましょう。
また英文に触れている量が少なくどんどん抜けていっているので毎日1ページずつ問題に取り組むようにして下さい。"
中2,2026,2026/6/30 18:50,英語,本日はテスト前に先に進めていた範囲の復習を行いました。時間が空いてしまったのである程度は仕方ありませんが、かなり忘れていた様子だったのでしっかり復習しておきましょう。また、まだまだ不定詞動名詞ともにかたまりでとらえられておらず、特に主語が長くなる場合に必ず間違えています。必ず日本語を分析してどこまでが主語なのか考えてから書き出すようにしてください。
小6,2026,2026/6/30 17:20,国語,本日は接続語、因果関係について扱いました。宿題でやってきてもらった主語述語の問題は、主語が〇〇はで書かれているときは分かっていたものの、〇〇も、〇〇こそで書かれているときは間違えてしまっていました。述語を先に考えてから主語を考えるように指導してます。その後の接続後の問題はほとんど間違えずにできていたので、ふだんの文章のように少し難しい内容になると関係性がわかららなくなっているだけかもしれません。もう少し続けてやって問題なさそうであればテキストに戻って続きを進めます。
高3,2026,2026/6/30 17:20,数学,本日は三角比の続きで面積などを扱いました。sinや内接円の半径を使った面積の公式は今後もよく使うので、なぜそうなるかをしっかりと理解した上で覚えておきましょう。その他は主に式変形の途中でわからなくなってしまっている様子だったので、どんどん手を動かして確認するようにして下さい。明日は生物も持ってきてください！
小6,2026,2026/6/30 15:50,国語,本日も引き続き物語文を扱いました。最初は猛スピードで解けていましたが記号問題が全滅で、見直すように伝えると全問正解だったためやや適当に選んでいるのかもしれません。その後の問題は少し眠そうな様子で集中力が切れてしまったのか、なかなか進みませんでした。何度か本文の内容を一緒に確認するとなんとか正しく答えることが出来るようになりました。
小4,2026,2026/6/30 15:50,算数,"本日も昨日に引き続き図形の問題を扱いました。昨日の復習となる定着問題に取り組みましたが、錯角が等しいことを何度確認しても使うことが出来ずかなり時間がかかってしまいました。平行線に直線が交わっていると認識できていないのかもしれません。
その後面積を扱い基本的な問題はすぐに解けましたが、アールやヘクタールの換算は諦めてしまって自分では出来ませんでした。一つ一つ確認すると一応理解は出来たようですが、自分でできるかはやや怪しいので来週の宿題で確認します。"
中3,2026,2026/6/29 18:50,数学,本日は一次関数と平方根の復習の後、二次関数に入りましたが、16a=4が解けず、中2範囲の等式の変形が怪しいことが分かったためその点の復習を行いました。最初は壊滅的でしたが、一度やり方を整理するとある程度はとき進められました。ただ、分数と文字の場合に分母分子が曖昧だったり目的の文字がマイナスになるような移項をしてしまっていたりするので、改めて原理原則から一つずつ考えるように指導しました。その後は二次関数の問題もすんなり終えられました。
中1,2026,2026/6/29 17:20,国語,"最初にテストの振り返りから始めました。漢字や文法的な知識問題が覚え切れていなかったのが大半で、一箇所抜き出し問題のみ文章で間違えていたため解き方を確認しました。文と分の論理関係をあまり考えられていないので、論説文が出てきた際は細かく確認するようにしていきます。
授業ではベンチから進めました。一回やったことがあるためかほとんどの問題はスラスラ解くことが出来ました。長い記述問題のみ長めに書いて削ろうとした結果一番大切な要素が欠けてしまっていたりしたため、とにかくまずは一言で答えてみるところから考えるように指導しています。"
小4,2026,2026/6/29 15:50,算数,本日も引き続き角度の問題を扱いました。基本的な問題はスムーズに解けましたが、最後の折り返した図形の角度だけ苦戦してしまいました。180°から引いてその結果を2で割るといった2ステップになる問題はまだ苦手なのと、2つが同じ角度だから割れば分かるという感覚がないことが要因かと思われます。また、式を書こうとせずに頭の中で図にどことどこが同じかを書き込ませ、式も書かせることでなんとか分けて考える習慣をつけられればと思います。
中2,2026,2026/6/26 18:50,国語,本日も引き続き論説文を扱いました。内容はしっかり捉えられていますが、記述問題でそのまま抜き出してしまいがちなので、とにかく一言で答えるなら何になるかを考えて、そこに付け足していくような書き方をするように伝えています。また、後半の文章は内容をしっかり読み込まずに何を言っているのか分からないままになんとなくで答えを書いている印象を受けました。文を構造として捉えたり、同じ意味の違う表現を同じものとして扱う訓練が必要そうです。
中2,2026,2026/6/26 18:50,数学,"テストの確認をしました。英語は基本的な形があまり身についていないようです。何度も確認したbe going toやshow ヒトモノの語順を忘れている状態です。数学はかなり良く出来るようになっていて、まだ符号のミスや引き算の間違いがありますが、全体としては良く出来たと思います。
その後は次の範囲で連立方程式を進めましたが、こちらは非常にスムーズに解き進めることが出来ました。まだ計算ミスはあるのでその点は注意が必要です。"
中1,2026,2026/6/26 17:20,数学,本日は素因数分解の利用を進めました。気を抜くと2×3と2の3乗を混同してしまうため、もうすこし練習が必要そうです。2乗の形にする問題も最大公約数最小公倍数の問題も理屈は難しいので、とりあえずやり方だけは完璧に覚えて解けるようにしていきましょう。また、式変形の際はイコールの両側が全く同じになるように変形するのが鉄則です。一部だけを書くようなことはやめましょう。
小6,2026,2026/6/26 17:20,算数,本日は縮図の宿題確認から始めましたが、10mを5cmで書く場合の縮尺という問題では求められるのに、実際に25mを1cmで書いた図の縮尺は完全にフリーズしてしまう様子でした（少し集中できていなかった様子なのでそれが要因かもしれません）。その後は今学校でやっている場合の数が怪しいとのことだったので、いったんそちらの範囲を進めました。最初はどうやれば良いか分からないと言っていましたが、説明し何度か問題を解くうちにスムーズに解けるようになってきました。全部の場合の数を聞かれているのに先頭がAのパターンだけ書いて答えてしまうことがありますが、指摘すればすぐわかるので、ここを自力で修正できるかが課題です。
中3,2026,2026/6/25 20:20,数学,テストがあまり点数が取れなかったようなので、次回答案を必ず持ってきてください。授業では平方根の計算を扱いました。基本的な計算法則は問題ないですが、混合の中を簡単にする計算で時間がかかってしまいがちです。そもそもの九九の計算の速さもありますが、計算する過程でルートの外に出すようにしていきましょう。宿題は必ずやってきてください！
中3,2026,2026/6/25 18:50,英語,"本日はテストの確認から始めました。問題文からの書き間違いやピリオドの抜けなど細かい部分で数点引かれている分と、今回の現在完了で散々やった表現が書けていれば80点も狙えるレベルです。残りは中2までの範囲の定着不足や語彙力なのでこれからしっかり埋めていきましょう。
今回は復習の続きと、不定詞の応用を扱いました。この辺りから動詞の使い方をしっかり覚えていかないといけないので、意味だけでなくあとに続く形も考えながら問題に取り組むようにして下さい。"
中1,2026,2026/6/25 18:50,英語,"本日も引き続き復習を進めました。基本的には良く出来ていましたが、be going to等が入るとまだ少しbe動詞と一般動詞の混同が見られるため、毎回必ず確認するように指導しています。同様に主語が複数の時に三単現のSをつけてしまったり、過去形に気づかなかったりといった細かい部分での間違いが時折出てしまうのも勿体ないです。
また、問題に取り組むときは大問ごとに丸付けをして、間違えた理由を確認し、わからないところは印をつけて授業時に聞くようにして下さい。"
中1,2026,2026/6/25 17:20,数学,"本日は素因数分解、平均の復習から始めました。素因数分解を使った最大公約数、最小公倍数の求め方は忘れていたようだったので再度確認しました。その後は演習問題もしっかり解けていました。
次に文字式を扱いましたが、こちらは学校ですでにやっていたこともあり、スムーズに進めることができました。かっこの有無についての認識がやや怪しい（掛け算にもかっこをつけてしまう）ので、随時指導していきます。また、途中式を消しがちなので、自分の間違いを発見するためにも、間違えずに計算するためにも消さないように指導しています。"
中1,2026,2026/6/25 17:20,数学,"本日は素因数分解、平均の復習から始めました。素因数分解を使った最大公約数、最小公倍数の求め方は忘れていたようだったので再度確認しました。その後は演習問題もしっかり解けていました。
次に文字式を扱いましたが、こちらは学校ですでにやっていたこともあり、スムーズに進めることができました。足し算が絡んでくると計算の順番が少し混乱していたようなので、宿題でしっかり練習してきましょう。"
小5,2026,2026/6/25 15:50,算数,"本日は公倍数と公約数の応用の確認から入りました。問題自体は解けていたものの、6の倍数は？と聞くと3と答えるなど、約数や公倍数といった言葉の意味はまだ怪しい様子でした。
その後約分と通分に入り、最初に復習として帯分数や仮分数の確認から始めましたが、1が3分の3であることから怪しかったので図を書きながら確認しました。その後の約分はスムーズでしたが通分はかなり苦戦してしまいました。計算方法を覚えようとしていると、最小公倍数を出して、何倍してるか考えて分子も同じように掛けるという複雑なステップになってしまうせいかと思います。なんとか同じ数を掛けても分数の大きさは変わらないということを伝え、その後の足し算は間違えずに出来るようになってきましたが、まだ完全に納得して理解できているわけではなさそうなので、引き続き分数のイメージが作れるように指導していきたいと思います。"
高3,2026,2026/6/24 20:20,英語,本日は関係副詞の宿題確認の後、短文の構造分析の練習を行いました。最初は苦手だと言って億劫な様子も見られましたが、やり始めてからは積極的に質問をして考えながら取り組んでくれました。不定詞や分詞の知識がやや抜けているので復習しておいて下さい。今回やったように極力文法知識に基づいて考える練習をしていきましょう。
中2,2026,2026/6/24 18:50,数学,"テストではしっかり点数が取れたようで何よりです。この調子で頑張りましょう。理社の勉強が追いついていない様子なので、毎週少しずつワークを進め、覚える時間をとるようにして下さい。
今回から一次関数に入りますが、まず比例と反比例の復習から始めました。aとxがごちゃごちゃになりがちなので注意が必要です。この単元は式の意味が重要になるので一つずつ考えながら取り組むようにして下さい。

"
中2,2026,2026/6/24 18:50,英語,"今回は教科書表現の確認を進めました。表現は問題なく使えていますが、tellやtakeの語法が身についていないので、動詞は後ろにどういう形が来るかまでセットで覚えるようにしていきましょう。その後接続詞の復習に取り組みましたが、ほとんど覚えていない様子でした。基本的な文の形や単語を覚えながら取り組むようにしていきましょう。
次回テスト問題と答案を忘れずに持ってきて下さい！
"
小6,2026,2026/6/24 15:50,国語,"本日も宿題確認から始めました。最初の文章はほぼ満点でした。理由説明の際にやや飛躍があったため、まず一番直接的な理由を考えてから本文をチェックするように指導しています。次の文章も非常に良くできていましたが、記述で主語がかけていたり書き間違えたりと細かいミスが見られました。
その後の物語文では少し集中力が切れた様子で、人間関係が読み取れていない状態でしたが、一度一緒に読み直すと正しく把握できていましたし、その次の問題も四字熟語以外は完璧でした。"
中2,2026,2026/6/19 18:50,国語,"今回はテストの確認から、始めました。文章に関する問題は減点もあったもののしっかり点が取れています。古文の単語や品詞、詩の技法等で少しずつ失点が見られるので、このあたりをきちんと覚えきることが次に向けての課題です。
授業では論説文を扱いました。今回のように対比的に述べられている文章は、それぞれの用語が対比のどちら側に属するものなのかを考えることが重要ですので、その点を考えながら解けるように練習していきましょう。"
小6,2026,2026/6/19 17:20,算数,本日は拡大縮小と縮図の利用を扱いました。kmやmの単位変換がやや不安そうだったものの、問題なく書き換えることが出来ていました。縮図もしっかり書けていて、計算も出来ています。ただ縮図を使って実際の長さを求める問題では縮尺を掛けるのか割るのか混乱してしまうことが何度かありました。順番に問いかけると分かることが多いので、解く前に簡単な数字で計算方法が合っているか確かめたり、解いたあとに感覚的に変な数字になっていないかチェックしたりする習慣をつけていく必要がありそうです。
中1,2026,2026/6/19 17:20,数学,"テストが返ってきているようなので、次回答案と問題を持ってきて下さい。詳細は分かりませんが、まだ符号や分数の計算が確実に出来るようになっていないのが要因のようですので、普段の演習時から確認しながら解き進めるようにしていきましょう。また、理科については勉強時間が取れなかったとのことなので、授業で進んだ分のワークは毎週終わらして、テスト前に覚え直す時間を確保するようにして下さい。
授業では素因数分解を扱いました。偶数が2で割れる、150=15×10という感覚がなかったためなかなか時間がかかってしまいましたが、しっかりと法則は出来たように思います。
次回テスト問題と答案を持ってきて下さい！"
小5,2026,2026/6/19 15:50,国語,本日も引き続き物語文を扱いました。内容はしっかり読めていて、抜き出し問題はきちんと解けています。自分で書く問題もしっかり設問を読んで必要な箇所を考えられていますが、最後にまとめる際にそのまま抜き出してしまいがちなので、その点は練習が必要です。また、最後の記号問題は本文を確認せずに選んだようで、もう一回読み直してと伝えただけで正答にたどり着くことが出来ました。問を見て、本文を確認してから選択肢を選ぶというステップを徹底していきたいと思います。
中3,2026,2026/6/18 20:20,英語,本日は疑問視を使った疑問文を扱いました。基本的な疑問文の作り方はおおむねマスターできたようですが、そもそもwhenやwhereの意味を覚えないと何も書けないので、第一に覚えるようにしてください。宿題も否定文や疑問文への書き換えを出しています。単語の意味は後で調べれば良いので、問題を解く際は一切調べたり人に聞いたりすることなく機械的に解き進めるようにしてください。
中1,2026,2026/6/18 18:50,英語,本日からテキストに戻りましたが、どうも基本のbe動詞と一般動詞の区別が怪しいので、一旦遡って復習を進めます。今回は基本的な肯定文疑問文から始めましたが、まだまだなんとなく聞き覚えのある表現、口をついて出る表現に引っ張られているので、きちんとルールに則って考えるようにしていきましょう。
中3,2026,2026/6/18 18:50,英語,本日から元のテキストに戻って続きを進めていきます。今回は付加疑問と間接疑問を扱いました。今回のポイントは問題ないですが、とにかく過去形への意識が抜けています。問題文の日本語を見て現在か過去かを確認してから書く癖をつけましょう。また、問題を解いていると基本的な英文の仕組みが抜けているようなので、一旦復習を挟みます。この機会に細かい部分を確認しながら解く練習をしてください！
中1,2026,2026/6/18 17:20,数学,"本日はテストが終わったので、次の範囲に進み素因数分解を扱いました。最初の素因数分解の計算は問題なく出来るようになりました。その後の応用問題は解けるようにはなったものの、なぜそうなるかまではきちんと理解できていなさそうなので、もう少し計算そのものに慣れたら再度扱いたいと思います。その後の仮平均も同様で、なんとなくやり方を見ながら解いている印象があり、自分が何を計算しているかの意識が希薄なように見えます。文章題そのものをきちんと読んでいないので、そのあたりから改善していければと思います。
次回はテストの見直しをしたいので、問題と答案を持ってきて下さい！"
中1,2026,2026/6/18 17:20,数学,"本日はテストが終わったので、次の範囲に進み素因数分解を扱いました。最初の素因数分解の計算は問題なく出来るようになりました。その後の応用問題は解けるようにはなったものの、なぜそうなるかまではきちんと理解できていなさそうなので、もう少し計算そのものに慣れたら再度扱いたいと思います。その後の仮平均も同様で、なんとなくやり方を見ながら解いている印象があり、自分が何を計算しているかの意識が希薄なように見えます。文章題そのものをきちんと読んでいないので、そのあたりから改善していければと思います。
次回はテストの見直しをしたいので、問題と答案を持ってきて下さい！"
小5,2026,2026/6/18 15:50,算数,本日は倍数と約数の応用を扱いました。偶数奇数の感覚もあまりなかったようですが、3の倍数を探す問題等まではスムーズにすすみました。その後の4で割ると2余る数等は少し手こずり、4で割ると2余る数=4の倍数足す2がなかなか定着しませんでした。何度か繰り返しやって最後は一応できるようになったと思います。最後の例題の公約数と公倍数からある整数を求める問題は集中力が切れてしまったのか、一つ一つの質問は答えられても自力では解けなかったため次回再度確認します。
高3,2026,2026/6/17 20:20,英語,本日は関係代名詞の演習問題と関係副詞を扱いました。関係代名詞の基本は①節が何節になっているか②節内に何が欠けているか=先行詞が何かを考えることが非常に重要です。今回で一通り句と説については学んだので、次回からは短文の読解に取り組みつつ文法の復習をしていきましょう。
中2,2026,2026/6/17 18:50,数学,本日はテスト前日のため、テスト範囲の総復習を進めました。プラスを用いて一番最初の単元から解いてもらいましたが、理解度は十分です。式変形の途中で符号を忘れがちな点だけ注意が必要です。スピードにも余裕があるので、解いたあとにもう一度計算が間違っていないか確認するようにしていきましょう！満点を目指して細心の注意を払ってテストに臨んでください！
中2,2026,2026/6/17 18:50,数学,プラスを用いてテスト範囲の総復習を進めました。多項式の計算も等式変形もかなり良くできるようになってきましたし、解く速度も速くなってきました。たたま、時折符号を間違えてしまうので、解いたあとに必ず符号を確認するようにして下さい。また、約分をせずに答えてしまったり分母にマイナスが残っていたりするのも非常に勿体ないです。落ち着いて取り組めば高得点も狙えるはずなので集中してテストに取り組んで下さい！
小4,2026,2026/6/17 15:50,国語,本日は漢字日記の主語述語の確認から始めました。最初の述語のみを抜き出す問題は満点だったのに次の主語述語を両方選ぶ問題はほぼ全滅となるなど、安定しない状態でした。単に主語から考えてわからなくなっているパターンと、敬語や過去形で語尾が変わったときにわからなくなっているパターンがありそうだったのでその点を解説し、間違えた問題を解きなおさせたところしっかり正解することが出来ました。そのごの物語文はほぼ満点で、これまでだとあきらめていたであろう最後の人物像の記述問題も自分で答えを書くことが出来ていました。
小6,2026,2026/6/17 15:50,算数,前回に引き続きダイヤグラムの問題を扱いました。宿題のできなかったところを確認するとそもそもグラフ上の点の意味が分かっていなかったようなのでその点の確認から始めました。その後は比較的スムーズに応答出来ましたが、まだなんとなくやってしまう部分が残っていて、出会うタイプと追いつくタイプの違いを考えずに式を作ってしまうことがあるようです。しっかりグラフに書き込みながら考えることこはできるようになってきているのでらこの調子で情報を整理するコツを身に着けられればと思います。
中3,2026,2026/6/16 20:20,英語,本日はテスト前なので英語に振り替えて実施しました。Unit1の復習を実施しましたが、現在完了の形を忘れてしまっていたので要注意です。また、makeやshowの使い方も怪しいので、教科書ワークの例文を用いて語順を頭に入れてからテストに臨むようにしてください。並び替えや穴埋めがチャンスなので、しっかり時間をかけて丁寧に取り組んで少しでも点数を上げられるように頑張りましょう！
中1,2026,2026/6/16 18:50,数学,本日はiワークプラスの続きでテスト範囲の復習を進めました。なんとか全範囲終わらせることが出来ました。解き方は理解出来ているように思いますが、まだ符合の間違いが見られます。式の一部を計算する際に符合への意識が甘くなっているようなので、どこを計算するのかをきちんと線を引いて、それ以外の部分を残したまま変形するようにしましょう！また、時間が余ったら符号の確認をするようにして下さい！
中2,2026,2026/6/16 18:50,英語,"本日はテスト前最後の授業でした。宿題でやってきたUnit1の範囲についてはかなりよくできていましたが、be going toをgoing toと覚えているのでbeが抜けがちです。進行形も同様beから覚えるように徹底しましょう。
その後、Unit2を進めました。接続詞の使い方は問題ありませんが、細かいミスが見られます。英作文では過去形なのか、進行形なのか、主語が三単現かどうかを必ず確認してください。また、単語はもう一歩という漢字なので覚えきってからテストに臨んでください！"
高3,2026,2026/6/16 17:20,数学,引き続き基礎問題精講を進めていきました。三角比は単位円の理解が不可欠なので、常に単位円で考える癖をつけていきましょう。また、解答の意味をしっかり理解しようとしている点は素晴らしいので、わからないときは部分部分に分けて、それぞれ何を表しているのかを考えてみるようにしていきましょう。
小6,2026,2026/6/16 17:20,国語,本日も引き続きテキストで説明文について扱いました。最初は宿題範囲を確認しましたが、記号や穴埋めの問題は良く出来ていました。ただ、何の例か問われているのに例えばの後の部分を抜き出しているなど、論理関係にはまだ慣れていないようなので丁寧に文章の流れを確認しました。その後要旨や段落構成の単元に移りましたがこちらも同様で、抽象→具体の流れや概念理解が出来ていないように思います。次回は一旦テキストから離れて、短文を使って論理関係を考える問題に取り組んでみます。
小4,2026,2026/6/16 15:50,算数,"本日は前回の続きで◯や△を使った式の確認から始めましたが、比較的スムーズに式を作ることが出来ましたし、その後の計算も問題ありませんでした。前回は単に集中力が切れてしまっていただけかもしれません。
次に角度に入りましたが、本人も得意だと言っていた通りどんどん進めることが出来ました。途中で集中力が切れてしまったのか10分ほど手が止まってしまいましたが、その後はまたどんどん進めることが出来ました。"
小6,2026,2026/6/16 15:50,国語,本日も引き続き説明文を扱いました。今回はしっかり文章が読めていて、何の話？何と何を比べてる？それぞれ何と言っている？等の質問にもしっかり応えることが出来ていました。ただ設問の方はまだまだで、書き抜いてと指示されていても自分の言葉で書いてしまったり、本文に書かれてはいるが今回問われていることではない選択肢を選んでしまったりしていました。また、なぜそう考えるのか？と、なぜか？の違い(理由説明と根拠説明)の違いなどにも躓いてしまっていたので例を挙げて説明しています。総じて設問対応力を鍛えていくことが必要です。
中1,2026,2026/6/15 17:20,国語,本日も引き続きテスト範囲の復習を進めました。今回は脳の働きについての文章を扱いましたが、いまいち内容が頭に入っていないようだったので改めて本文の内容を確認しました。設問そのものはしっかり解けていて正答率は悪くないですが、時折設問文をきちんと読んでおらず微妙にズレた答えを書いていることがあるので、とにかく設問文を読んで何が問われているかに線を引いてから答えるようにしましょう。宿題はテスト勉強ですが、漢字テストの見直しとワークの記述問題の解き直し(覚える)は必ずやってからテストに臨んでください！
中2,2026,2026/6/12 18:50,数学,今回もテスト範囲の復習を進めました。まず式の値に関しては九九での計算ミスが頻発していたので注意が必要です。また、複雑なものは代入する前に変形するという方針を忘れないようにしましょう。等式の変形はかなり正答率が高くなってきましたし、符号のミスも見られなくなってきました。最後に約分を忘れがちな点と、分数式の場合にまず分母をなくすことに気を付ければ問題なく解けるはずです。
中2,2026,2026/6/12 18:50,国語,今回は漢文の訓読が分からないとのことだったので、プリントを用いてレ点および一二点の読み方について学習しました。最初は間違いも多かったものの、後半はスムーズに読み取ることが出来ていました。そのご自分で返り点をつける問題にも取り組み、基本的な問題はきちんと解くことができました。上下点は一二点を挟む時しか使わないので注意しましょう。宿題はテスト前日までに取り組むようにしてください！
中1,2026,2026/6/12 17:20,数学,"本日も引き続きテスト範囲の復習を進めました。しっかり宿題をやってきてくれたようで、なんとか全体を復習することが出来ました。まだ符号への意識が甘くちょこちょこミスが発生しているので、必ず数字の計算の後に符号を確認するようにしていきましょう。特にマイナスを引く場合にいつも間違えているので注意が必要です。また、分数の足し算引き算と掛け算割り算がごちゃごちゃになっていたので再度確認しました。
宿題は水曜日までに終わらせてテストに臨んでください！"
小6,2026,2026/6/12 17:20,算数,今回は比の応用の文章題を扱いました。4:1に分けられるなら全体を5として比の式を作る、という点に慣れるまで少し時間がかかってしまいましたが、例題と類題を解き終えてからは比較的スムーズに解き進めることが出来ていました。前回とは違ってきちんと答えるべき内容も認識て書くことが出来ていたのは素晴らしいです。最後の比の合成、3つの比だけは納得いっていない様子だったので、次回再度確認します。
小5,2026,2026/6/12 15:50,国語,本日も引き続き物語文を扱いました。根拠がかなり離れたところにあるタイプの問題もありましたが、しっかりと書くことが出来ていて、記号問題も全問正解でした。最後の記述問題だけは手が止まってしまいましたが、文章中の言葉でという指示を再確認した後は正しく答えることが出来ました。その後ことわざや慣用句を扱いました。知らないものは仕方ないですが、意味から推測できるものも諦めてしまっていたのでなんとか考えて書くように指導しました。
中3,2026,2026/6/11 20:20,英語,本日も引き続きテスト範囲の復習を進めました。現在完了の基本的な語順はある程度身につけられたようです。まだ用法の区別までは出来ていないようなので、一緒に使う単語とともに使い分けを覚えてからテストに臨むようにして下さい。単語力不足は流石に間に合わないので、並び替えや書き換えなどを絶対に間違えないようにしていきましょう。
中1,2026,2026/6/11 18:50,英語,本日も引き続きテスト範囲の復習を進めました。概ね良く出来ているのですが、まだ一般動詞の疑問文や否定文にbe動詞を入れてしまうことがあります。肯定文を考えてbe動詞がなかったら一般動詞の文、という考え方を徹底するようにしていきましょう。また、疑問文にNoで答えるときはnotが入ることも忘れがちなので気をつけて下さい。細かいミスで減点されないように注意して取り組んで下さい。
中3,2026,2026/6/11 18:50,英語,"本日も引き続きテスト範囲の復習を進めました。現在完了の用法は問題なく、疑問文や否定文もしっかり書くことが出来ています。一方、不定詞や受け身などまだ定着していない1,2年の範囲については仕方ないものの、今回の重要表現であるmake OCについては絶対に忘れないようにして下さい。不規則変化動詞もある程度は覚えられましたがまだ怪しいところもあるので、明日も自習に来て覚えきりましょう！"
中1,2026,2026/6/11 17:20,数学,本日も引き続きテスト範囲の復習を進めました。前回までに比べると途中式をしっかり書くようになっていて素晴らしいです。宿題の範囲も正答率は高かったですが、一部符号を間違えていたり、小数の割り算が間違っていたりしたため、この点はテストまでに修正しておきましょう。また、最後の四則が混ざった計算ではゴリ押しで計算してしまっていることが何度かありました。切りの良い数字になるところから計算する、約分してから掛けるなどの基本的な計算の工夫を身につけるとより早く正確に計算できるようになるので意識して下さい。また、複数の掛け算のときは計算の後に必ず符号をチェックしてください！
小5,2026,2026/6/11 15:50,算数,本日は公倍数の演習と公約数を扱いました。基本的な倍数、公倍数の求め方は問題ないですが、長方形を敷き詰めて正方形を作る問題では手が止まってしまいました。問答を繰り返してなんとか答えにはたどり着けましたが、最初は長方形1枚より短い長さを答えてしまうなど、問題文の意味を理解していない、あるいは考えていない印象です。例題を見せずに考えせるなどして少しでも試行錯誤の習慣をつけさせられればと思います。
高3,2026,2026/6/10 20:20,英語,本日は接続詞と助動詞の確認の後、関係代名詞を扱いました。助動詞は推量系の意味に注意して取り組むようにしましょう。接続詞は中学範囲以上のものを覚えられていないので、thoughやunless等も覚えていくようにして下さい。関係代名詞は良く出来ていましたが、最後のwhatと接続詞のthatの区別に注意しましょう。
中2,2026,2026/6/10 18:50,英語,"今回も宿題の確認から始めました。前回の解き直しでしたが間違えている問題が多かったです。とにかく単語を覚えないことには何も書けないので、毎日確認して覚え切るようにして下さい。また、疑問文の語順が常にあやふやになっているのも気になります。音で思い出すのではなく法則に従って書き換えることを徹底しましょう。宿題は多めに出していますが、毎日1ページずつを目安に進めて下さい。
来週は英語を月曜日に、数学を水曜日に振り替えて実施します。"
中2,2026,2026/6/10 18:50,数学,本日も引き続きテスト範囲の復習でiワークプラスを進めました。基本的な計算は問題なく出来ていますが、項や式の次数など最初の頃にやった定義の部分が抜けているので確実に覚えておきましょう。また、文章題の時になんとなく計算している結果ミスが発生しているので、必ず図を書いて公式を確認してそこに文字を当てはめていくようにして下さい。連立方程式は良く出来ていましたがまだミスしていることがあるので、答えを出した後元の式に代入してチェックしてから書くようにしましょう！
小6,2026,2026/6/10 15:50,算数,本日は宿題の確認の後、ダイヤグラムを用いた速さの問題を扱いました。最初は道のり速さ時間の計算方法も忘れてしまっていましたが、グラフの意味自体はある程度理解できたようで例題1は比較的スムーズに解くことが出来ました。ただ、グラフを読む際に書いてある数字をそのまま使いがちで、帰り道の出発が何分の時点なのかを確認していないことがあります。その後の出会い・追いつきの計算もやや適当に式を作っている印象があるので、次回も引き続きなぜこの式にするのかを確認しながら進めていきます。
中3,2026,2026/6/9 20:20,数学,"本日も引き続きテスト範囲の復習を進めました。まだ初見では手が止まってしまうことがありますが、因数分解の応用も比較的スムーズに解けるようになってきました。九九が怪しいのがやや心配ではあるものの、今回のテストは範囲も広くないので十分高得点が狙える状況です。宿題にも自力で取り組んでミスのないようにしていきましょう。
また、問題に取り組む際は解き切るまで何も見ずに取り組みましょう。不安な箇所があれば解き終わってから確認するようにして下さい。ヒントを見る癖がつくとテストで解けなくなります。"
高3,2026,2026/6/9 18:50,数学,本日は授業が近かったこともありあまり進んでいなかったので、そのまま三角比を解き進めていきました。三角比の相互関係の式はメインの式から導き出せるので、公式そのものではなく導き方を覚えるようにしましょう。次回までにガンガン進めてきてください！
中2,2026,2026/6/9 18:50,英語,"本日もテスト範囲の復習を進めました。接続詞の位置が逆になってしまうことが多いので、日本語の文をしっかり2つに分けて、どちらについているのかを確認してから書くようにして下さい。また、三単現のsや冠詞、過去形等にも気をつけましょう。
後半はiワークプラスの二部で総復習を進めました。SVOOの語順なども良く出来ていましたが、細かい表現をまだ覚えきれていないようなので、学校のワークも進めながら覚え切るようにして下さい。全体として理解は出来ているので、細かいところまで完璧にしていきましょう！"
小6,2026,2026/6/9 17:20,国語,本日は宿題の確認から始めました。指示語の把握がテーマの文章でしたが、少し離れたところに指示語の指すものがある場合はうまく把握できていませんでした。授業の中で質問していっても直前の単語を述べるのみで関係性を考えることはできていない印象です。その後の短文に接続語をいれる問題も同様で、しかし等の接続語を入れる問題は全てあっていたものの、その意味関係を問う問題は全滅でした。言葉として聞き覚えはあるが意味関係は分かっていないという状況かと思われるので、授業の中での問いかけを増やして文章を読む段階から考える癖をつけていければと思います。
小6,2026,2026/6/9 15:50,国語,本日は説明文から始めました記号問題は良く出来ていましたが、指示語の問題は直前が否定文なのにその箇所を取ってしまっていました。まだ意味関係を考えておらず、植物と書いてあるから植物を書けば良いと考えているものと思われます。その後、熟語の組み立て、三字熟語、四字熟語を扱いました。宿題時点では空欄が多かったものの、熟語の組み立てなどは一度説明した後は比較的正しく考えることが出来ていました。三字熟語四字熟語は知らない問題も多かったため、折りに触れて復習できればと思います。
中3,2026,2026/6/8 18:50,数学,本日はテスト対策で多項式の利用の範囲を扱いました。まず証明問題は型が決まっているので、型通りに書くように心がけてください。省略はNGです。AはBとなるみたいな形の問題は特に難しい式も出ないので、得点源にしましょう。図形の証明系は自分で考えなければなりませんが、まずは問題文に書かれている内容を図に書き込むことから始め、ゴールが決まっているので、そこに向けて式を変形していくことを意識すれば解きやすくなるはずです。
中1,2026,2026/6/8 17:20,国語,今回も引き続きiワークプラスでテスト範囲の文章を扱いました。正答率は半分ほどで、文章内容はすでに読んだことがあるものでもありきちんと理解できているものの、最初に見つけた候補を検討、吟味せずにそのまま書いてしまっている印象です。また、設問の字数指定も見落としがちなので注意が必要です。記号に関しては良くできているので、このあたりに注意して問題に取り組むようにしましょう。次回もプラスを進めます。
小5,2026,2026/6/8 17:20,算数,本日は宿題の確認から始めました。問題自体は解けているものが多かったものの、なんでその計算するの？と問うと答えられないことが多く、やはりまだまだ計算方法として暗記しているだけのようで、和が360°になるから360°かれ引くという理屈の方は完全には身についていない印象です。続けて公倍数の単元にすすみ、こちらはやり方はすぐにマスターして使えるようになりましたが、最後の「4で割ると割り切れる数」の意味が理解できていないようだったので、次回授業時に確認します。
高3,2026,2026/6/5 20:20,数学,"本日は二次関数の応用系の問題を扱いました。しっかり理解しながらとき進められていて素晴らしいです。一方で前回に比べるとややペースが落ちているので、早めに終わらせられるように頑張りましょう。
また、授業冒頭に話しましたが、生物系に興味が出てきたとのことなので、期末テストを目処に後4校ほど大学をピックアップしてみて下さい。総合型選抜については大学ごとにやることが違うので行きたい大学を見つけてから検討する必要があります。"
中2,2026,2026/6/5 18:50,数学,"本日も宿題範囲の確認から始めました。分配法則では一部の数字に掛け忘れたり符号を変え忘れたりしていましたが、やり方そのものは理解できているようです。等式の変形はかなりマシになってきましたが、未だに分数が出ると手が止まってしまうのが気になります。ただの書き換えなので難しく考えずに作業だと思って取り組むようにして下さい。
最後に連立方程式の解き方を扱いましたが、そもそも正負の数の計算や方程式が怪しいのでもう一度復習が必要そうです。"
中2,2026,2026/6/5 18:50,国語,本日はiワークプラスを用いて教科書の文章の演習問題に取り組みました。漢字はしっかり書けていましまし、全体としては概ね良く出来ていましたが、記号問題で二択まで絞った後が少し雑になってしまったり、設問の指示を読み落としてしまったりしていることがまだあります。来週も引き続きプラスを進めるので忘れずに持ってきてください。
小6,2026,2026/6/5 17:20,算数,本日は比について扱いました。基本的な比の計算はすぐに理解してくれてスムーズに進めることが出来ました。分数のみ計算に慣れていないようで少し時間はかかってしまいましたが、説明の後は自力で解き切ることが出来ています。簡単な文章題も扱い、立式もその後の計算もミスなく解けています。ただ、残りのページ数を聞かれているのに全体のページ数を答えてしまうなど、聞かれていることと違うことを答えていることがあったので、答えを書く前に問いを再確認する習慣をつけさせていきたいです。
中1,2026,2026/6/5 17:20,数学,本日は正負の数の四則の混じった計算と指数、分配法則を扱いました。それぞれの考え方自体は理解できているものの、かけ算の符号の考え方で足し算引き算を行ってしまうなど混同が見られます。また、式変形の際に符号への意識が弱いので計算を間違えてしまうことが多いです。宿題で最初の範囲からの復習を出しているので必ずやってきて下さい！
小5,2026,2026/6/5 15:50,国語,本日も引き続き物語文を扱いました。少し眠そうで途中で集中力が切れてしまった様子で時間がかかってしまいましたが、問いかけに対してはしっかり応えることが出来ました。理由を説明する問題では飛躍を埋めることが出来ていなかったので、この点は改善が必要そうです。後半はことわざを扱いました。聞いたことはあるが意味は知らないというものが多かったので、折に触れて扱って少しずつ覚えてもらえればと思います
中3,2026,2026/6/4 20:20,英語,本日は単元テストの確認の後、現在完了の継続用法について扱いました。以前よりはましになってきたものの、まだまだなんとなく覚えている音で問題を解こうとしているようです。毎回きちんと現在形の肯定文→現在完了形の肯定文→疑問文といった書き換えを徹底すれば解けるはずなので、考えて解くようにしていきましょう。
中1,2026,2026/6/4 18:50,英語,本日はテストに向けてテスト範囲の演習を行いました。まず空欄が一個の時に短縮形を思いつかず、be動詞だけ書いてしまうようなことが何度かありましたり常に英文として成り立つかどうかチェックするようにしていきましょう。また、英作文の際にis playと書いたり疑問文の語順を忘れたりと、ちょこちょこ抜けが見られます。丁度良い機会なので基本事項をしっかり身に着けておきましょう。
中3,2026,2026/6/4 18:50,英語,本日も引き続きテスト範囲の演習を行いました。概ねよくできていて、文法的な要素は問題なさそうです。ただまだまだ三単現のSやスペル等の定着が甘いところがあるので、問題を解く際はテストだと思って緊張感をもって取り組むようにしてください。また、もう時間もないので単語と不規則変化動詞をいい加減に覚えきるようにしてください。
中1,2026,2026/6/4 17:20,数学,本日は四則演算の復習から始めました。正答率はちょうど半分ほど掛け算割り算が先などは理解しているものの、その後の足し算引き算で間違ってしまっていました。もう一回解かせると普通に解けているので、足し算引き算がまだ完全には定着していないことと、途中式を書かないことで見落としが発生しているのが原因と思われます。途中式は指示した後は書くようになってきましたが、やはり足し算引き算はまだ怪しいので、最後はその点を復習しました。宿題でも同様の範囲を出しているのでしっかり合わせられるようにしてきてください！
中1,2026,2026/6/4 17:20,数学,本日は分数を含む乗除から始め、四則の混じった計算まで進めました。しっかりと途中式を書いて計算しており、法則の理解も問題ありません。指数の部分のみ括弧の有無を、区別できていなかったので注意が必要です。一方で時折途中式を省いて書いていて、その場合に計算ミスが発生していましたので、焦らずに解くようにしていきましょう。また、12×10を10×12の筆算にして間違えるということがあったので、計算の工夫への意識があまりないのかもしれません。テスト範囲は一通り終わったので、次回は復習を進めます。
高3,2026,2026/6/3 20:20,英語,"本日は宿題範囲の分詞構文から始めました。全体的に主語への意識が疎かになっていたので、主節の主語と一致していたら消える、一致していなかったら残るという点をしっかり覚えておきましょう。その上で主語を基準に能動か受動かを考えることが大切です。
後半は接続詞を扱いましたが、こちらは良くできていました。相関関係のものやあまり馴染みのない接続詞は間違えてしまっていたので、覚えてからStep2に取り組むようにして下さい。"
中2,2026,2026/6/3 18:50,英語,本日はUnit1の復習を進めました。比較的正答率は高かったですが、単語を全然覚えられていないので来週までにUnit1の単語については覚えてきてください。また、show+人+モノ→show+モノto人の語順をいつも忘れてしまっているので、showをみたらすぐに思い出せる状態まで何度も唱えて身につけてしまいましょう。土曜日にプラスを進めるので忘れずに持ってきてください。
中2,2026,2026/6/3 18:50,数学,"本日も引き続き復習を進めました。証明問題は日本語を全く書いていませんでしたが、書くように指示した後は正しく書くことが出来ていました。書き方さえ覚えていれば確実に出来る問題なので、細かいところまで確認しておきましょう。
その後の等式の変形は常に左右が同じになるようにすることが非常に重要です。右だけ変形するのではなく、イコールの両側を常に書き換えながら進めるようにしてください。"
小6,2026,2026/6/3 15:50,算数,本日は前回やった時計算の宿題が途中から出来ていなかったので再度確認しました。説明時には一応答えられるものの、いざ問題を解く際は前の問題の式の数字だけ変える方法に頼ってしまいなかなか進められませんでした。何度か最初から説明しなおして一応は理解できたようですが、宿題で解きなおしを出しているので来週再度確認します。後半は上巻の復習で出来ていなかった問題を確認しました。どちらかというと問題をきちんと読んでいない、理解していないのが原因で、状況を確認した後はスムーズに解くことが出来ていました。
小4,2026,2026/6/3 15:50,国語,本日は論説文の論旨把握と小説の性格把握のテーマを扱いました。論説文の方は非常によくできていて、最後の記述問題もしばらく書けない様子でしたが、粘って書かせたところしっかりとポイントを押さえて書くことが出来ていました。問いに対しての答え方まではまだ意識できていないこと、手段と目的のような関係性を把握できていないことが課題ですので、その点については今後も注意していきます。
中3,2026,2026/6/2 20:20,数学,"本日は平方根の解説から始めました。平方根を聞かれたらプラス・マイナス両方を答えなければならないことに注意しましょう。後半は学校ワークで展開と因数分解の復習を進めました。基本的な手法は身についていますがまだ公式が怪しい点と、マイナスの括弧を外す時の符号に注意しましょう。因数分解の方はやり方を覚えていて比較的スムーズに進められていました。全体としてやり方は分かっているものの演習不足な印象は否めなません。勉強量を増やして宿題を終わらせてきて下さい。
(紹介特典のAmazonギフトカードを渡しました)"
中2,2026,2026/6/2 18:50,英語,"本日から前の範囲に戻って復習を進めています。Unit1については概ね良く出来ていました。show ヒトモノの語順がまだ身についていないので、毎回意識して覚え切るようにして下さい。また、be going toのbeが抜けたり人称代名詞の形を間違えたり過去形や三単現のsを忘れたりと、細々した抜け漏れがあり正答率が分ほどになっています。細かいところまでしっかり確認しながら問題を解く習慣を身に着けていきましょう！
次回は宿題範囲を確認した後、iワークプラスに進みますので忘れずに持ってきて下さい。"
小6,2026,2026/6/2 17:20,国語,"本日は国語で、テキストの最初からしばらくは説明文、論説文を扱っていくこととしました。最初の問題にしてはかなり設問が難しかったので苦戦してしまいました。問いかけに対してもまだ適当に本文中の単語を拾っている印象がありますが、自分で正解には気づけています。後半は短文で指示語の問題を扱いましたが、すぐ近くに書いている場合でも時間がかかってしまいました。だいたい同じ意味であるという感覚が少ないようなので、言葉に多く触れて意味の知識の幅を広げていくことが必要そうです。
"
小6,2026,2026/6/2 15:50,国語,本日も引き続き説明文を扱いました。最初の問題は記述が多かったものの良く出来ていました。字数もきちんと書かれていて素晴らしいです。記号の問題だけやや適当に選んでしまっている様子で、改めて該当段落を読み直した後はきちんと正解を選ぶことが出来ていました。後半の問題は因果の原因部分の説明を求められているのに結果をそのまま答えてしまうという状況で、この点についてはまだ練習が必要そうです。
中3,2026,2026/6/1 18:50,数学,"本日は宿題の一次関数の応用から始めました。このあたりの問題は問題文に書かれている内容を読み解いて自分の知っていることに置き換える技術が必要なので、しっかり意味を理解すること、式とグラフの両面から考えてみることが重要です。
その後、テストに向けて復習を始めました。乗法公式がうろ覚えだったため注意しましょう。展開についてもちょこちょこと誤った認識がみうけられるので、しっかり復習して下しい。宿題は式の展開と因数分解から出すので、大問ごとに丸付けして、やり直しまでやってきて下さい。
次回もiワークプラスを進めます。"
中1,2026,2026/6/1 17:20,国語,"本日はiワークプラスを用いてテスト範囲の復習を進めました。一度やった文章でしたが、ちょこちょこ間違いが見られました。また、記述問題がなんとなく書いてしまっているので、まず一言で答えるならな何かを考えて本文の該当箇所を探し、指示語が含まれているならその指示語の内容を踏まえて書くという手順を守りましょう。また、理由を問われているときは〇〇から。と答えることを徹底してください。
宿題をやる前に教科書の文章を通読して、学校のノートやプリントを参照してから取り組むようにして下さい。
次回もプラスを進めます。"
小4,2026,2026/6/1 15:50,算数,"宿題の計算の仕方、分配法則の問題が出来ていなかったためそこのやり方から確認しました。□を使った式の時もそうでしたが、式を変形するという考え方がなかなか出来ずに苦戦している様子でした。
その後テキストの変化とグラフの単元を進めましたがこちらも同様で、グラフや表は問題なく読み取れているようですが、変わり方の単元に入ると◯と△で式を作る問題で手が止まってしまう様子でした。
式の意味を考えることが出来るようになることが今後は非常に重要なので、式を書いたら何を計算しているのかを問いかけるようにしていきます。
"
高3,2026,2026/5/29 20:20,数学,"本日は二次関数の応用の問題と、三角比について解説しました。
二次関数の解の配置等は、問題文の条件をグラフの形に落とし込んでそれを満たす条件を考えるという考え方が非常に重要です。慣れるまでは少しややこしいかもしれませんが、毎回自分で図を書いてみて考えるようにしてください。"
中2,2026,2026/5/29 18:50,国語,本日は宿題確認から始めました。敬語は尊敬語と謙譲語が区別出来ていなかったので、行為をする人への敬意が尊敬語、される人への敬意が謙譲語という区別をまずしっかり覚えましょう。その後は漢字の復習を行いましたが、正答率は半分ほどでした。テストも近づいてきたので、ドリルのやり直しを行って完璧に漢字を覚えておいてください。
中2,2026,2026/5/29 18:50,数学,本日は等式変形と証明問題を扱いました。前回までに比べるとかなりスムーズになってきましたが、まだまだ出来ていないことが多いので、早めに宿題に取り組むようにしてください。また、証明問題は書き方と文字の置き方を覚えられるかが勝負です。毎回同じ書き方にしていつでもかけるようにしておきましょう。
中1,2026,2026/5/29 17:20,数学,"引き続き正負の数の乗除を扱いました。宿題を確認したところ小数の計算がやや怪しかったので解き方を確認しました。そもそもの数字の感覚はあるようなので落ち着いて考えれば、問題なさそうです。時折九九を間違えている点は心配ですが。
その後分数を含むもの、3つ以上の乗除へと進めましたが、特に問題なく方法は理解できているようです。まだ慣れていないせいもあり時折分数が逆になっていたり、計算の工夫が出来ていなかったりしているのと、途中式を書かないせいで間違ってしまっている点は要改善です。"
小5,2026,2026/5/29 15:50,国語,"本日は最初に漢字ドリル確認をしました。どうも知らない言葉だと書かずに諦めてしまっている様子で、書かれている意味や前後から推測させるとほとんど書くことが出来ています。その後慣用句に取り組みましたが、こちらは比較的良く出来ていました。
文章は引き続き物語文の心情がテーマで、記述問題もきちんと書くことが出来ています。一部、強がっている表現をそのまま答えてしまう問いがありましたが、指摘すると正しく読み取ることが出来ていました。"
中3,2026,2026/5/28 20:20,英語,"本日はテスト対策として現在完了を扱いました。基本の形は理解できて問題は比較的スムーズに解くことが出来ました。わからない単語が多いため、得点を取るには書き換えや並び替えが肝です。余計なことを考えずに、書き換えの法則だけを考えて問題に取り組むようにしてください。
また、過去分詞形が書けないと点数が取れないので、不規則変化動詞を来週までに覚えてきてください。"
中3,2026,2026/5/28 18:50,英語,本日はテスト範囲の復習のため、プリントを用いてUnit1の前半から取り組みました。文法の要素はほとんど問題ないですが、教科書に出てくる単語を覚えられていないので、必ず来週までに完璧に覚えるようにして下さい。また、現在完了がテスト範囲のため、不規則変化動詞もそろそろ逃げずに覚えて下さい。自分で各タイプの英作文はとにかく間違えないことが大切なので、自信のある表現を使うように心掛けましょう。
中1,2026,2026/5/28 18:50,英語,本日は文型を扱いました。それぞれの文型の区別は比較的スムーズに出来てきますし、第四文型の書き換え等も間違えることなく出来ています。一方で三単現のsが思い出せなかったり、人称代名詞が抜けていたりと、中1の基本事項がちょこちょこ抜けている点が気になります。テストが近づいてきたので学校のワークはどんどん進めて言って下さい。減点されないように完璧にしていきましょう。
中1,2026,2026/5/28 17:20,数学,今回は正負の数の乗除が混じった計算を扱いました。符号についての扱いは問題ないものの、分数計算がやや怪しい様子でした。途中式を書いていないので分数の割り算を掛け算に直した時に分母分子が逆になることを忘れて計算してしまっていること、約分してから計算するのではなく計算してから約分しているので数が大きくなり計算ミスが発生していることが主な要因です。このあたりを意識すれば正しい答えを出すことができるはずです。また、式変形の過程で符号を忘れてしまうことがあるので、最後に確認するように伝えています。
小5,2026,2026/5/28 15:50,算数,本日は四角形の角度を扱いました。比較的きちんと考えて解いていますが、時折前の問題の式の数字だけ変えて計算しようとしてしまう時があります。本人も自覚はあるようなので、一度指摘するとその後しばらくはきちんと解こうとしているようです。また、法則や定義等への関心が薄く計算方法だけに興味を向けてしまうのか、平行四辺形の向かい合う角度が同じなどの決まり事をなかなか覚えられていない様子です。一方で問いかけると思い出せるので、あと一歩習慣づけられればどんどん進められるようになるのではと思っています。
高3,2026,2026/5/27 20:20,英語,今回はテストの見直しをしました。生物は用語を覚えきれていなかったのと、記述問題での失点が要因です。それぞれの働きや機能を自分で説明できるようにしていきましょう。数学は理解度のわりに点数が低くなってしまいました。ミスもあるので、普段の演習から気を付けて取り組むようにしてください。
中2,2026,2026/5/27 18:50,数学,"本日も引き続き連立方程式の応用から扱いました。文字を使って式を作る際に、文字にとらわれすぎて考えることができていません。何を式にするのかが分かったら、普通に数字が書かれている状態をイメージしてどう計算するのか考えてみるようにして下さい。
後半は文字式の利用の復習を行いました。図形の問題はなんとなくこうだろうで考えるのではなく、一つ一つの長さを確認してから式を作るようにしていきましょう。テストが近いのでしばらくは復習を進めます。"
中2,2026,2026/5/27 18:50,英語,本日も引き続き接続詞の確認を行いました。接続詞そのものの使い方は問題ないですが、want等の基本単語が抜けているので、テストまでに絶対に覚えるようにしましょう。今回でおそらくテスト範囲が終わったと思うので、次回からは復習を進めていきます。もう一度やり直す時間はないので、宿題範囲の単語はきちんと覚えながら進めるようにしてください。
小6,2026,2026/5/27 15:50,算数,"本日は通貨算・時計算の演習問題を進めました。宿題範囲で分からなかったものですが、一度説明した後は解き方は間違えずに取り組むことが出来ていました。時速と秒速、kmとmなど単位を合わせずに計算してしまったり答えの単位を確認せずに書いてしまうことがあるのでその点は注意が必要です。時計算の方は少し時間が掛かりましたが、最後は理解してくれたように思います。説明の際にわかっていない箇所を自分で確認できるようになってきたので、少しずつ成長がみられます。
次回は上の第3回の不明点から始めます。"
小4,2026,2026/5/27 15:50,国語,本日は引き続き説明文を扱いました。概ねよくできてて、記述問題もあきらめずに書ききることができていました。同じ内容の箇所を選ぶ問題では、話がイメージしにくかったこともあり空欄になってしまいました。このタイプの問題は内容が分からなくても「○○な考え方」のように共通部分を探して、あるいは論理関係から同じになるはずの場所を探して解く必要があるので、現時点ではできていなくても大丈夫ですが少しずつ慣れさせていければと思います。
中3,2026,2026/5/26 20:20,数学,本日は証明問題を扱いました。書き方そのものは理解したように思います。この書き方をそのまま覚えて書けるようにしておけばほかの問題と違ってあまり考えることはないので、とにかく省略せずに言葉を書くようにしてください。式変形の部分は展開なので、できるだけきちんと書くようにしてください。
中2,2026,2026/5/26 18:50,英語,"本日は学校のテストの確認から始めました。まず単語が覚えきれていないので、早めに覚え切るようにしましょう。また、SVOOの文で語順を間違えているので、動詞＋人＋モノの語順を徹底するようにしてください。また、宿題範囲はかなり忘れてしまっていたので、直前にまとめてやるのではなく少しずつ進めるようにしてください。
テストが近づいてきたので戻って復習を進めます。少しページ数は多いですが一度やった問題なので間違えないように細かいところまで気を配って取り組んでください。"
中2,2026,2026/5/26 18:50,英語,"本日は学校のテストの確認から始めました。まず単語が覚えきれていないので、早めに覚え切るようにしましょう。また、SVOOの文で語順を間違えているので、動詞＋人＋モノの語順を徹底するようにしてください。また、宿題範囲はかなり忘れてしまっていたので、直前にまとめてやるのではなく少しずつ進めるようにしてください。
テストが近づいてきたので戻って復習を進めます。少しページ数は多いですが一度やった問題なので間違えないように細かいところまで気を配って取り組んでください。"
中1,2026,2026/5/26 17:20,英語,本日は宿題の確認の後Unit1のまとめの単元を扱いました。少しは慣れてきた様子ですが、まだまだbe動詞と一般動詞の混同が見られます。前回から引き続き言い続けているので指摘すると気づけますが、自分で問題を解いているときは間違ってしまっています。この点は今後もずっと使う考え方なので早めに身に着けたいところです。また、単語が覚えられていないので何を書くか分かっても書けない状態になっているので、すぐに書けるレベルまで覚えるようにしていきましょう！
小6,2026,2026/5/26 15:50,国語,本日からテーマ別の文章に入りました。今回は自然科学系の説明文でした。近いところに答えがあるようなものは正しく選べていますが、少し離れたところにあるものは書けていない状態です。全体として、文章の論理構造が正しく把握できていない印象を受けました。接続語を選ぶ問題も間違えていたため、短文のプリントを用いて確認しましたが、因果関係の把握が弱いようです。記述問題も同様で論理に飛躍があるまま書いてしまっている問題が2つあったので、因果の流れを常に確認しながら読むように指導していきます。
中3,2026,2026/5/25 18:50,数学,本日は二次方程式まで終わっていたため、二次関数に入る前に飛ばしていた比例反比例と一次関数に戻って扱いました。関数の単元はまず定義や用語の意味を正しく理解することが不可欠なので、今日説明したことをしっかり覚えておいて下さい。また、式とグラフの関係を考える癖をつけていくと理解がより深まるはずです。まずはある点を通る＝座標を代入したら成り立つということを覚えておきましょう。
中1,2026,2026/5/25 17:20,国語,宿題のプリントを紛失したとのことで、そこから始めました。漢字の成り立ちの範囲で、説明の後はきちんと解くことが出来ました。その後の漢字の範囲は読みは問題ないものの半分かけていないという状況で、書き順も怪しいので、ドリルに取り組む際は書き順も確認しながら進めて下さい。テストが近づいてきたので、次週からはテキストの復習を進めます。
小4,2026,2026/5/25 15:50,算数,"本日は大きい数の宿題の確認から入りました。特に億から兆など桁をまたぐタイプの10倍、100倍を問う問題で間違いが見られましたが、何度か例を挙げて説明した後は正しく答えられました。
その後テキストに戻って□を使った式の応用を扱いました。式の一部を大きな四角に置き換えるという手順をなかなか使ってくれず、感覚で解き続けていましたが、後半はそれでは解けなくなったこともあり、なんとか正しい手順で解くことが出来ました。ただまだ□を求める式を作るという感覚は薄いようなのでもう少し演習は必要そうです。"
高3,2026,2026/5/22 20:20,英語,"本日は分詞構文を扱いました。このあたりからは読解を見据えた定義をしっかり覚えていってください。接続詞は文をまとめて名詞か副詞にするもの、分詞構文は接続詞を省略したものと覚えてください。また、問題を解く際は必ず文法規則に則って考えるようにするとBeingが省略されているパターンも気づきやすくなります。
後半は受動態を扱いました。こちらも目的語を主語に、動詞をbe+過去分詞に変える、後はそのまま書くという順番で考えるようにしていきましょう。
過去分詞形が怪しいのでこれを機に覚えてしまってください。"
中2,2026,2026/5/22 18:50,国語,"本日は類義語対義語の確認の後、テキストに戻って富士山の文章を扱いました。まず言葉については原因と結果、手段と目的、実質と形式等、普段は反対と意識しないものについても覚えておくようにしましょう。
文章はしっかり読めていますが、記述の答案が抜き出しに近いものになっているので、問に対して短い文を考えてから本文と字数に合わせて付け足していくような書き方にすること、問われ方から語尾を確認する事を徹底していきましょう。"
中2,2026,2026/5/22 18:50,数学,"宿題範囲の多項式の乗除から確認しました。7割ほどは良く出来ていました。文字に分数係数がついているときは必ず文字を分子側に書き換えて計算するようにしましょう。また、式の値を求めるタイプの問題は代入する前に式を変形して簡単にしてから代入するようにして下さい。
後半母文字式の利用の証明問題を扱いました。これらは形が決まっているので、まずは形を覚えてそのとおりに書けるようにしましょう。自分で考えるのは文字で表す方法ぐらいなので、覚えてしまえば実は簡単です。宿題でも練習してきて下さい。"
小6,2026,2026/5/22 17:20,国語,今回は宿題の物語文の確認から始めました。かなり読みにくい文章でしたが、状況はきちんと把握できていました。記述問題で字数が少ないままにしてしまうので、9割以上埋めるように指示しています。その後類義語や対義語の確認を行いましたが、前回やった漢字も覚えられていなかったので、少し時間を開けて再度復習するようにしていきます。
中1,2026,2026/5/22 17:20,数学,"本日は宿題の確認から始めました。正負の数の足し算引き算は問題なくできていましたが、最初の概念の確認のあたりがあまりできていなかったので整理しました。どちらかというと問題をちゃんと読んでいない感じなので、設問をきちんと読むように指導しています。
その後割り算の続きを進めました。小数の掛け算割り算を忘れていたようなのでやり方を伝えたところ、問題なく進められていました。テストが近づいてきたので学校のワークも並行して進めてください。"
小5,2026,2026/5/22 15:50,国語,"本日は漢字ドリルの類義語対義語から始めました。一部書けないものもありましたが、漢字そのものは比較的正しく書けていました。内容と形式など日常では反対と意識しないものがまだ覚えられてい内容なので、この辺りは繰り返し演習出来ればと思います。
後半は物語文の心情について扱いました。心情が直接書かれていない場合に行動から読み取ることが出来ていませんでした。指摘すれば読み取ることは出来ていて、おそらく文章に書かれている内容をそのまま答えにしようとしているようで、今後もこのあたりを練習していきます。"
中3,2026,2026/5/21 20:20,英語,本日は助動詞について学習しました。ゆっくりながらも以前よりは正しく答えることが出来ました。問題を解くときに、考える前に説明の部分を見る癖がついているので修正が必要です。問題を見て考えて、スペル等思い出せないものがある時に見るようにして下さい。なんとなくヒントを探すような見方ではいつまで経っても身に付かないです。単語も同様に覚えてから書くようにして少しずつでも良いのでスペルを覚えていきましょう。
中1,2026,2026/5/21 18:50,英語,今回は英検の模擬試験に取り組みました。最初の語句補充は半分弱の正答率でした。まず読み飛ばしがあるので、丁寧に読んでから答えるようにしましょう。最後の2題は文法でまだ習っていない範囲が出るのであまり時間をかけないようにしてください。読解問題もある程度読めているので、必ず設問を読んでから本文を読むこと、根拠を確認してから選ぶことを徹底しましょう。英作文は前にやった通り書き方が決まっているので、表現を覚えてから臨んでください！
中3,2026,2026/5/21 18:50,英語,今回は動名詞を扱いました。ほとんど問題なく正解出来ています。文が長くなった時にかたまりでとらえる考え方が非常に重要なので、今後も意識していきましょう。後半はテスト対策も兼ねて教科書表現の確認を行いました。SVOCもSVOOもきちんと使えていますが、人称代名詞や三単現のsが怪しいので注意しましょう。今回のテスト範囲でもあるので、単語や表現は覚えながら進めて下さい。
小5,2026,2026/5/21 15:50,算数,"前回に引き続き三角形の角度について扱いました。最初のうちはどうもなんとなく足したり引いたりしているようで、前回できていたタイプの問題も間違ってしまっていました。何度か確認してある程度正答できるようになってきましたが、気を抜くと適当に計算してしまうようです。一方で最後の応用問題などは一つ一つ考えながら正しく角度を求めることが出来ていたので、わかっていないわけではなさそうです。次は四角形で同じく角度の問題が続くので、引き続き考えさせながら進めていきます。
"
高3,2026,2026/5/20 20:20,数学,"本日はテスト中のため、生物の疑問点の確認と数3の演習を進めました。生物は用語の定義がややこしい場合があるので、見出しの段組みなどを確認しながら、何が何に含まれるかを確認しながら進めると良いでしょう。
変則ですが今週金曜日は英語を実施しますので忘れないようにして下さい。
"
中2,2026,2026/5/20 18:50,数学,"引き続き連立方程式の文章題を扱いました。基本的な代金の問題は問題なく出来ていますが、少しひねられたり、速度の問題だったりすると手が止まってしまっていました。何をx,yとするかはきちんと書くようになってきたので、あとは自分が作ろうとしている式が何を表しているのかをメモしたり、式に単位を付けたりして、正しい式を作れるようにしていきましょう。
また、連立方程式を解く際に何かを書ける場合はイコールの両側に掛けるのを忘れないようにして下さい。"
中2,2026,2026/5/20 18:50,英語,本日は接続詞の続きでifとbecauseを扱いました。接続詞そのものの理解は問題なくきちんと使うことが出来ています。ただ基本的な英文を書く際にbe動詞が抜けてしまったり三単現のsが抜けたりしている点は注意が必要です。また、新しい表現もどんどん出てきているので、きちんと覚えながら進めるようにしましょう。
中1,2026,2026/5/20 17:20,英語,"学校の授業があまり進んでいないとのことだったので、改めてbe動詞と一般動詞の肯定文、否定文、疑問文を扱いました。まだ動詞が抜けたりすることはありますが、比較的正しい語順で書けるようになってきました。ただ気を抜くとすぐbe動詞と一般動詞を混在させてしまうので気をつけましょう。また、単語があまり覚えられていないので、出てきたものはその都度覚えていくようにしていきましょう。
宿題で単語ドリルを出しているので、訳す練習→書く練習の順で、とにかく思い出す回数を増やすことを意識して、また間違えた問題だけに時間を使うことを意識して完璧に覚えてきて下さい。"
小4,2026,2026/5/20 15:50,国語,"本日は説明文に取り組みました。ほとんどよくできていましたが、段落の中心となる文で具体例の部分を選んでしまっていたので、抽象と具体の説明をしています。また、理由を問われているのに言い換えを答えてしまっている箇所もありました。このあたりの論理関係について徐々に考えられるように指導していきます。
漢字ドリルでは意味を考えずに書いていることがあり、意味を考えるように伝えると正しく書けるものも多々ありました。宿題はまとめの範囲になるので、一度復習してから取り組むように指示しています。"
小6,2026,2026/5/20 15:50,算数,前回の速さの問題が分からないとのことだったので改めて説明しました。基本的な道のり速さ時間の計算はできるものの、状況をイメージしきれていなかったようです。例題を隠して類題に取り組み、基本問題も順調に進められました。最後の全体の長さを出してから列車の長さを引く問題は自力では解けませんでしたが、状況を整理すると自分が式を作って計算することはできていました。計算結果に必ず単位を書き、問題で聞かれていることは何かを確認するように指導しています。
中3,2026,2026/5/19 20:20,数学,本日は証明問題と平方根を扱いました。証明は難しいと連呼していましが、形さえ覚えればやることは単純なので、まず文字を置く、片方を式で表す、式変形する、最後に問題文をそのまま書くという順番を守って書く練習をしていきましょう。テストが近づいてきたので復習も同時に進めていきます。
中2,2026,2026/5/19 18:50,英語,本日はこれまでの範囲のまとめ分野を進めました。少し説明すると思い出せるものの、抜けている事項が多い状態です。今やっている不定詞や接続詞は文の構造を把握する上で非常に重要なので、きちんと身につけておきましょう。文の主語や動詞が何か、不定詞や接続詞のかたまりがどこかはどこまでかを考える癖をつけていきましょう。テストが近付いてきているので、次の範囲まで進んだらテスト範囲に戻ります。
中2,2026,2026/5/19 18:50,英語,今回は宿題の確認から進めました。穴埋めはある程度できていますが、英作文や並び替えになるとできていないので、まだまだ不定詞や動名詞を固まりとして捉える感覚が弱いようで、英文の構造から考える練習が必要です。テキストはかなり速く進んでいるので、次回はプリントを使って不定詞動名詞の特訓を行えればと思います。
小4,2026,2026/5/19 15:50,"国語,算数","本日は算数テストの確認から始めました。間違えていた問題は3桁のかけ算と、6億の10倍等の問題で、昨日確認したタイプの問題で宿題にも出しているので次週の授業時に出来ているか確認します。
国語は引き続き物語文を扱いました。解くのも早く、記号や穴埋めの問題は非常に良く出来ていましたが、心情を記述させるタイプの問題は書けていない状況です。一つ一つ順番に問えば３題のうち2題は読み取れていたので、とにかく一言でどういう気持ちかを考えてみて、それを詳しくしていくという手順で指導しています。"
小6,2026,2026/5/19 15:50,国語,"本日は宿題範囲の対義語の確認から始めました。かなり空欄が多く、口頭で意味を確認しても対義語はすぐには出てこない状態です。一方で単語を言えば書けはするので、意味を知らないと言うよりも意味の関係を意識できていない印象です。今後も別の問題で扱ったり、文章中の言葉の対義語を考えさせたりしていきます。
その後の説明文の問題は比較的良く出来ていましたが、まだまだ近くの要素に飛びついてしまう印象があります。また、因果関係と同値関係の区別ができていなさそうなので、上記同様都度論理関係を確認しながら進めていきます。"
中1,2026,2026/5/18 18:50,数学,"本日は持ってきてもらったワークの確認から始めました。基本的には正負の数の法則は理解できているようです。ただ、分数や小数の計算方法がわかっていない箇所があったため、やり方を一緒に確認しました。足し算の通分と混じってしまったり、約分してから計算するのではなく計算してから約分していたりしていることもありましたが、指導した内容はしっかり使えているので、少しずつ改善していくはずです。
その後は3つ以上の乗算に取り組みましたが、こちらも同様に掛け算順番を変えて引き算になってしまうことがありました。正負の数の符号と足し算引き算の計算記号が混ざってしまっているのが要因だと思われるので次回授業時に区別について確認いたします。"
小5,2026,2026/5/18 18:50,算数,今回は容積の続きと三角形の角度について扱いました。前半は調子良く進めることができていましたが、後半は集中力が切れたのか、なかなか正しい式を作ることが出来ず、なんとなく足したり引いたりしている印象を受けました。特にやや複雑な図形から計算方法を考えるタイプの問題はかなり苦戦してしまいました。一方で指示していなくても図形にわかっている角度をどんどん書き込んでいくことが出来るようになっている点では良い変化が見られます。次回も同じ範囲を扱いつつ、意味を考えて式を作る練習をしていきます。
中1,2026,2026/5/18 17:20,国語,本日はプリントにて説明文の読解について扱いました。今回は指示語と接続語がテーマで、接続語に関しては、段落冒頭にある場合に段落間の関係を考えられていなかった点以外は、きちんと前後の関係から考えることができていました。指示語についても内容はある程度捉えられているものの、少し範囲がずれていたりして、指示語の部分に入れてみると気付けるということもあったので、候補が見つかったら入れて確認するという手順を忘れないようにしていきましょう。
中3,2026,2026/5/18 17:20,数学,本日は宿題の確認から始めました。二次方程式の計算は因数分解を用いたものはできるようになっていましたが、因数分解できないものは手が止まってしまっていました。平方の形を作るか公式を使えば解けるので諦めずに最後までやりきりましょう。また、方程式は=があって初めて成り立つものなので、必ず省略せずに書くようにして下さい。
小4,2026,2026/5/18 15:50,算数,宿題の確認後、少し易しめのワークの問題を用いて大きい数の復習を進めました。最初に位の確認をしたところちょこちょこ間違いがありました。数字を漢数字にするのは問題なく、逆に漢数字を数字にする問題は間違えてしまうものもありました。また1000万を23個集めた数や等は0の数が分からなくなってしまっていました。法則性は掴めませんでしたがどうも0を書く数が怪しく、右から数えて確認し調整するようなやり方になってしまっていたので、常に4桁ずつ区切る、漢字も兆億万に印をつけて4つずつ分けて書くように指導しています。後半はスムーズに解けていたので、宿題でも同一範囲の問題を出しています。
高3,2026,2026/5/15 20:20,数学,本日はテスト対策で、生物の範囲の概観と、数学の疑問点の解消を進めました。しっかり理解を深めながら学習できているようで素晴らしいです。グラフと実数解の関係性は二次関数でも三角関数でも同様に使うので、いつでも変換できるようにしておきましょう。また、平方根が入ると範囲が制限されるので、二乗して計算する場合は必ず範囲等に変化がないか確認する癖をつけていくと良いです。次回までに生物を一通り覚えて問題を解いてきてください。
中2,2026,2026/5/15 18:50,数学,本日は再び等式変形を扱いました。かなりできるようになってきましたが、符号への意識が抜けていることがあるので注意して取り組むようにしてください。後半は文字式の応用を扱いましたが、文字の扱いを忘れてしまっているので宿題で復習の範囲を出しています。解き直しまでやって身につけた状態で次の授業に進むようにしてください。
中2,2026,2026/5/15 18:50,英語,本日は教科書表現の確認、これまでの接続詞や目的語が2つある文の復習単元を扱いました。接続詞は問題なく使えていますが、目的語が2つある文はまだ意識できていないので、giveやtellが出てきたら即座に思い出せるようにしていきましょう。そして、英作文等の際にはとにかく主語述語を確認し、動詞の使い方を確認したうえで書くようにしてください。だんだん複雑になってきているので、少しずつ分解しながら書く癖をつけていってください。
中1,2026,2026/5/15 17:20,数学,"前回に引き続き正負の数の加法減法を扱いました。括弧を外す時の符号がやや怪しかったためその点からやり直しました。説明の後はノーミスで解き進められていたので、これを忘れないようにしましょう。また、混合の計算等、式が長くなるときや何回も計算する必要があるときは、途中経過をノートに書き込んでいくことが重要です。頭の中でやろうとすると時間がかかったり間違えたりする可能性が高くなるので、ひとつひとつの計算に集中できるようにどんどん書き込んでいくようにして下さい。

本日渡したテキストはプラス以外を授業時に持ってくるようにして下さい。また、テキストに書き込むのはNGなので、ノートも持ってくるようにして下さい。"
小5,2026,2026/5/15 15:50,国語,本日も引き続き物語文を扱いました。見慣れないテーマながらもきちんと読むことはできていました。問題文の指示、指定字数を無視しがちなので設問をきちんと読んでから答えるように伝えています。また、選択肢を適当に選んでしまっているので、何が本文と違うのかを考えさせるように指導しています。後半は熟語の成り立ちについて扱い、最初は苦戦していたものの、途中からはほぼ間違えずにどんどん解き進められています。
中3,2026,2026/5/14 20:20,英語,"今回は宿題範囲が分かっていなかったので再度確認しました。なんとか規則通りに書き換えれば良いことが分かったようで何よりです。今回の範囲はbe動詞しか使っていないので、余計なことを考えずにどんどん解き進めてください。
問題を解くときは単語が分からなくても解けるはずなので、わからない単語に線を引きながら解き、解き終えたら別の紙に書き出して訳を調べて書くようにしてください。
"
中1,2026,2026/5/14 18:50,英語,本日は比較について扱いました。使い方は理解しているものの、問題を解く際になんとなく意味を考えて書いてしまうことが多々あるので、きちんと法則を考えながら書くようにしていきましょう。英検の単語はとにかく見て思い出す回数を増やすことが大切です。1個をじっくり見るのではなくどんどん進めて何度も復習すること、覚えられていない単語にだけ時間をかけることを意識して進めて下さい。
中3,2026,2026/5/14 18:50,英語,"本日は接続詞の続きと受け身を扱いました。接続詞についてはほとんど問題なく理解できていました。受け身についても法則の理解は出来ているようです。不規則変化動詞も以前よりは覚えられていますが、まだ完璧とは言い難いので覚えるようにしましょう。
英作文、並び替えはとにかくメインの主語動詞がなんなのかから考えることが大切です。特に接続詞が入ると主語動詞が2セット入るのできちんと区別してから書き始めてください。また、5文型の受動態の疑問文は考えにくいので、肯定文に戻す、能動態に戻すなどしてから考えるようにして下さい。"
中2,2026,2026/5/14 17:20,国語,本日は宿題の確認の後、文法を進めました宿題の文章では、設問の読みが甘かったため、まず設問をきちんと読むようにしていきましょう。文法は初めて扱う内容も多くわからないことも多かったようです。活用の判別は「～ない」をつけてその直前の母音で判断するというやり方を徹底して行うようにしてください。
中3,2026,2026/5/14 17:20,英語,本日は2コマ連続のため2コマ目にまとめて記載いたします。
小5,2026,2026/5/14 15:50,算数,"本日は最初少し疲れた様子でしたが、問題を解き始めてからは元気が出て最後まで集中して取り組むことができていました。
今回は体積に続いて容積について扱いました。単位の変換はやや怪しいですが、容積から高さを求める問題などはきちんと式を作って解くことができていました。後半の凹凸がある複雑な図形は考えかたは合っていますが、問題文に書かれていて図には書かれていない数字などを見落として手が止まってしまいましたので、問題文を読んで数字を全部使うように指導しています。"
高3,2026,2026/5/13 20:20,英語,本日は分詞の演習と準動詞のまとめを扱いました。分詞についてはとにかく能動か受動かを考える、後ろに目的語があるかないかを考えることが非常に重要です。なんとなく訳しているとできるようにならないので、その点だけ考えて問題に取り組みましょう。また、基本品詞と文の要素、句を理解することが英語の上達には不可欠なので、準動詞の単元は忘れないようにして下さい。
中2,2026,2026/5/13 18:50,英語,"宿題の後半が壊滅状態だったため、そこの復習から始めました。まだまだ感覚で書こうとしているので、特に疑問文は必ず肯定文を考えてから疑問文に書き換えるステップを踏むようにしていきましょう。単語は少しずつ覚えられているようで、正しく書けるものも多くありました。この調子で少しずつスペルを覚えて下さい。
後半は接続詞のwhenを扱い、比較的良く出来ていました。文が長くなり、2文を一つにまとめる必要があるので設問の日本語を細かく確認しながら取り組むようにしましょう。"
中2,2026,2026/5/13 18:50,数学,"今回は宿題範囲に分からない問題が多かったとのことで、再度やり直しを行いました。意味をあまり考えずに式を作ってしまっているので、自分でx,yを置く時に何をおいたのか書くこと、一度言葉で式を作ってから文字や数字に置き換えること、問われているものが何かを確認してから答えることを改めて強調しています。また、等式変形も感覚で進めてしまって桁がおかしくなっていることがあり、必ず等号の両側で同じ計算をするようにしていきましょう。"
小4,2026,2026/5/13 15:50,国語,本日は宿題の確認から始めました。熟語の漢字を書く問題は意味が分かっていないものが多かったので（少々古い言葉もありましたが）、意味を覚えていけば書けるようになるものも多々あると思われます。その後テキストでは引き続き小説を扱いました。今回も少し離れたところに答えがあるタイプで間違えていたので、①空所に入る内容をまず考える→②近い意味のものを選ぶという順で考えるように指導しています。
小6,2026,2026/5/13 15:50,算数,本日は宿題、自習でやってきた周期算の確認から始めました。分からないと言っていた問題も図を書けば自分で計算できることもあったので、とにかく図を書くように伝えています。その後テキストで通過算、時計算を扱い、良く出来ていましたが、ちょっとしたミスが発生していたため、こちらも簡易的で良いから図を書くようにと指導しています。宿題で上巻の復習も出しています。
中3,2026,2026/5/12 20:20,数学,今回は因数分解の応用を扱いました。計算の工夫や式の値の代入に因数分解を使うものでしたが、文句を言いながらもきちんとやり方に則って計算することが出来ていました。因数分解の公式を覚えきれていないので、何度も使って頭に叩き込むようにしましょう。後半の証明問題は書き方が決まっているので、例題と同じように書くようにして下さい。
中2,2026,2026/5/12 18:50,英語,本日は宿題の確認から始めました。不定詞もかなり覚えられていますが、副詞的用法の感情の原因など、ちょこちょこ抜けているところがあるのでテスト前にもう一度復習しましょう。今回は助動詞と動名詞を扱いました。特に動名詞はかたまりでとらえて、…することと直訳することを意識して宿題に取り組んで下さい。
中1,2026,2026/5/12 17:20,英語,今回はbe動詞と一般動詞の肯定文否定文疑問文を扱いました。前回内容をある程度は覚えていてスムーズに進めることが出来ました。ただ日本語では疑問文になっているのに否定文にしてしまうなど、何を答えるかを考えずに書いていることが多々あるので注意が必要です。また、be動詞と一般動詞を混在させてしまうなどもあるので、このあたりを徹底して練習していきましょう。
小4,2026,2026/5/12 15:50,算数,本日は昨日の範囲の確認の後、□を使った式を表しました。単純な足し算や引き算の□はぱっと埋められていましたが、なんとなく分かってしまうが故に□を求める式を作らずに進めてしまっていて、後半の応用問題になると完全に手が止まってしまいました。今回のようにまずここを求めて、次にここを求めるといった段階的な思考が受験には不可欠なので、次回改めてどう考えるのかからやり直します。
小6,2026,2026/5/12 15:50,国語,今回は同音異義語の続きから始めました。やはり漢字自体は知っているものの意味を覚えていないことが多いため、毎回言葉の意味を確認しながら進めていきます。その後の詩と短歌の単元はあまり出ないので基本事項のみ確認し、類義語対義語に進みました。正答率は7割ぐらいでしたが、解答欄を間違えていたり問題の指示と違うことをやったりすることが何度かあったので、文章題の時と同様に設問をきちんと読む訓練が必要です。
中1,2026,2026/5/11 17:20,国語,今回も引き続きテキストを進めていきました。アクセントやイントネーションの単元だったため少し苦戦してしまいましたが、最後は自力で解けるようになっていました。学校に比べて進み過ぎているので、次回はプリントを用いて文章の読み方解き方等を扱っていきます。
中3,2026,2026/5/11 17:20,数学,宿題の確認から始めました。平方根の計算方法や因数分解を使った二次方程式の解き方が怪しかったので再度指導しました。その後は順調に問題を解けていましたが、ノートに式を書く際に括弧を省くことが多く、今後の文章題等でミスの原因になるので正確に書く癖をつけていきましょう。その後応用問題の解き方を確認しました。この単元が終わったら飛ばした一次関数の単元に戻ります。
小4,2026,2026/5/11 15:50,算数,GWの宿題はきちんとやってきてくれたようでした。テキストの方の宿題は特に計算と順序の方がやり方が分からなくなってしまったようで改めて確認しました。その後は計算の工夫へと進みましたが、きちんと理解して工夫を用いて計算できています。ただ2桁の引き算が暗算では怪しかったり、20×14を筆算しようとしてしまったりしているため、まだ工夫の効果が実感し辛いかもしれません。また、文章題を式にするのに苦戦していた様子なので、この辺りは日本語で式を作る練習を行っていければと思います。
高3,2026,2026/5/8 20:20,数学,今回も二次関数の応用を扱いました。しっかりとGW中に取り組んできてくれたのでわからない箇所が明確になっており素晴らしいです。二次関数はどんどんグラフを書いてイメージすることが重要なので、あまりきれいに書こうとせずに適当でも良いのでどんどわかることを書くようにしていきましょう。
中2,2026,2026/5/8 18:50,数学,本日も引き続き等式変形を扱いました。またわからなくなったとのことで再度やり方を確認しました。そもそも文字式が掛け算なのか足し算なのかを区別せずに変形を行ってしまっていることが多々あるので、変形前に確認する癖をつけていきましょう。前回よりもスムーズに理解できたと思うので、今度こそは完璧にやってきてください！
中3,2026,2026/5/8 18:50,英語,本日も引き続き進行形と未来形を扱いましたが、be動詞と一般動詞の区別が怪しくなっていたため再度確認しました。宿題でbe動詞の選択、否定文や疑問文への書き換えをひたすら行うプリントを出しているのでしっかりと取り組んできてください。単語が分からないところは悩んでも仕方ないのでどんどん進めるようにしましょう。
中1,2026,2026/5/8 17:20,数学,本日は正負の数の減法から扱いました。ちょうど学校でやっているところとのことでしたが、加法のやり方をそのまま当てはめてしまっていて出来ていなかったため、改めてやり方を説明しました。括弧を外す際、特に-(-の時に間違えてしまっているのでその点を重点的に確認しました。今回は前回よりも集中力が欠けていたのか、間違えるやり方を繰り返してしまっていましたが、最後はなんとか出来るようになりました。宿題で同じタイプの問題を出しているのでやり方を忘れないうちに取り組んで下さい。
小5,2026,2026/5/8 15:50,国語,"本日は宿題の類義語対義語の確認から行いました。問題になっている熟語の意味が分かれば解ける問題も多かったため、少しずつ言葉の意味を覚えていければと思います。
その後の物語文はしっかり内容を読み取れているものの、記述問題では1番大事な要素が抜けていました。抜き出しではない問題の場合はまずできるだけ短い答えを考えたから付け足していくように伝えています。また、最後の選択問題も一つずつ聞いていけば正誤を答えられるのに自分では正解を選べていないこともありました。選択肢を選んでいるときに本文をあまり見ていないので、必ず本文と照らし合わせながら解くように指導していきます。"
中1,2026,2026/5/7 18:50,英語,英検の対策をしたいとのことだったので、過去問を一緒に確認して問題形式を確認した後、対策でスコアを上げやすい英作文の部分の対策を行いました。疑問文にこたえるタイプの問題は機械的に書き換えれば単語が分からなくても正しい文章が書けるので、まずはそこを意識しましょう。また、自分で書く際には結論→理由①→理由②と使う表現を覚えてしまうことで、大体の問題に対応できるようになるはずです。
中2,2026,2026/5/7 17:20,国語,本日も引き続き説明的文章を扱いました。最初の文章はよくできていましたが、抽象と具体の関係性を意識できるようになるとより早く正確に文章が読めるようになるので、今後も意識して考えるようにしていきましょう。後半は少し書き方がややこしいタイプの文章で苦戦してしまいましたが、問われていることを整理すれば理解できていたので、まずは設問を丁寧に読むことを重視していきましょう。
中3,2026,2026/5/7 17:20,英語,現在完了が一通り終わったので戻って文型と前置詞を扱いました。第三文型までは問題なさそうでしたが第四文型の人にモノを…するの形が捉えられていなかったので要注意です。代表的な動詞を覚えて見たらすぐに反応できるようにしていきましょう。先週分は来週2コマ連続で実施します。
高3,2026,2026/5/1 20:20,数学,"本日も引き続き二次関数を進めました。宿題には丁寧に取り組んでいますが、もう少しスピードを上げていきたいので、毎日1題ずつは進めるようにしていきましょう。
また、勉強を始めてしばらくすると眠くなるのは自然なので、むしろ一旦机で寝てしまうと良いです。15-20分ほど寝て起きるとすっきりして1番集中できる状態になるはずです。長時間の勉強がきついときは25-30分ごとに5分間の休憩を挟む、切りの良いところではなくむしろ途中で休むのもオススメです。"
中3,2026,2026/5/1 18:50,英語,"宿題の確認の後、これまでのまとめの単元を扱いました。なんとなくは蓄積していますがまだまだ身についているとは言い難い状況です。宿題に関してですが、文法の問題なので文法を考えて取り組みましょう。一般動詞かbe動詞か、現在形か過去形か進行形か未来形か、主語は単数か複数か、肯定文か否定文か疑問文か等を考えるだけです。単語が分からなくても解けます。また、分からない部分を調べるのは構いませんが、答えではなく解き方を調べて下さい。
来週月曜日から水曜日は休みで、次回から授業を木曜日の20:20に変更します。"
中2,2026,2026/5/1 18:50,数学,本日も引き続き等式変形を扱いました。宿題の範囲がまた分からなくなっていたため改めてやり方を確認しました。今は出来ているので毎日少しずつ進めて分からなくならないようにして下さい。常にイコールを挟んでどちら側にきているかを考えながら取り組みましょう。
小5,2026,2026/5/1 15:50,国語,本日も物語文を扱いました。いくつかわからなかったという設問がありましたが、改めて読み直すと問題なく書けていたので、全部読み終えた後に改めて考え直すこと、設問を丁寧に読んで聞かれていることが何かを把握することが重要だと伝えています。後半の問題は理由を問う問題でかなり短く答えてしまっていることがあったので、国語の答案は必要な要素がいくつ入っているかで点数が決まるため、解答欄が大きいときはそれに合わせて内容を追加するように指導しています。
中1,2026,2026/4/30 18:50,英語,本日は形容詞と副詞を扱いました。Unit7で扱う文型にも関わる内容なのでしっかり理解しておいて欲しいところです。説明を読み直してから取り組んでもあまり覚えられていないことが多いので、何も見ずに思い出してみて分からない部分を確認する、問題を見直してポイントだったところが何かを思い出してみて分からない部分を確認するというやり方にしていきましょう。
中2,2026,2026/4/30 17:20,英語,本日は不定詞の復習と教科書表現の確認を行いました。不定詞はかなり身についてきましたが、形容詞的用法の作文となるとまだ少し怪しいので、名詞→修飾する不定詞の語順を意識して取り組むようにしていきましょう。宿題でまた不定詞の確認があるので、満点を目指して取り組んで下さい。
小5,2026,2026/4/30 15:50,算数,"本日も引き続き立体図形の体積、表面積を扱いました。複雑な図形も自分で書いて長さをメモして計算できるようになってきました。式には最後に全体を2倍することを書いているのに計算し忘れている点が課題です。また、しばらく体積を扱った後は表面積って何だっけ？となっていて、まだまだ一回やったやり方のとおりにやれば良いという考えから抜け出せていないので、もう少し言葉の意味や定義を理解し覚える練習が出来ればと思います。
最後に少し体積から各部の長さを出す問題を扱い、良く出来ていましたが、小数点を間違えて割る数が割られる数より大きくなってしまった時に割り算の順序を反対にしようとしてしまうことがありました。この点も大きい数を小さい数で割れば良いという誤った理解があるようなので、文章題では注意が必要そうです。"
中3,2026,2026/4/28 20:20,数学,本日は因数分解の復習を行いました。全然わからなくなったという割にはやればすぐに思い出せていました。前回も言いましたがやり方を覚えているうちに取り組んで定着させるようにしてください。また、まとめてやるのではなく毎日少しずつ進めるようにしましょう。
中2,2026,2026/4/28 18:50,国語,本日もプリントにて説明文の読解を行いました。抜き出すタイプの問題は良く出来ていましたが、自分で書くタイプの問題は少し苦戦してしまいました。問われ方を毎回確認することが重要です。また、今回のように抽象的に述べてから具体例で説明するという流れは定番なので、段落ごとに何の話をしているかチェックする練習をしていきましょう。
中2,2026,2026/4/28 18:50,英語,本日は宿題の確認から始めました。不定詞の総復習のプリントで、全体としては悪くないできでしたが、三用法の区別はやや曖昧なようです。特に形容詞的用法の英作文は順番が変になりがちなので、何が何を修飾しているのかを確認してから書くようにしましょう。その後テキストで新出表現の確認と復習を進めていきました。和訳の問題でまだ適当に作文してしまっているので、文法構造を確認して、全部の単語を使って訳すようにして下さい。
小4,2026,2026/4/28 15:50,算数,"今回は概数での計算を扱いました。桁が減ってイメージしやすくなったのか、非常にスムーズに進めることが出来ました。途中の計算をメモしないで消してしまうので、間違えたときに再度計算する必要が出てきてしまいます。ノートを贅沢に使ってどんどん書き加えていくように指導しています。
来週はお休みなので、次回は5/11になります。月曜日が1対1なので算数を扱いたく、月曜日が算数、水曜日が国語、火曜日は交互で実施できればと思います。
宿題は計算トレーニングが1日1ページ、テキストが1日大問2個ぐらいの目安で進めてください。"
中1,2026,2026/4/27 17:20,国語,"本日は前回の残りの読解問題を扱いました。理由を問われている際は飛躍があってはならないので、論理の展開を確認して、直接の理由を書くor選ぶことが重要です。また、選択肢には「本文に書かれているが今回の問いの答えにはなっていない」タイプのものがあるので、必ず問われている内容を確認するようにしていきましょう。
後半は主に漢字の単元でした。ドリルで一度はやった範囲でしたが、読みを覚えられていない熟語も見られたので、宿題の漢字ドリルでも解きなおしをして覚えるまでやるようにしてください。
"
中3,2026,2026/4/27 17:20,数学,"本日も引き続き平方根を扱いました。まだ慣れていないのか間違いも多かったですが、最後はきちんと計算できるようになっていたかと思います。そのご二次方程式に進みました。平方根を利用した計算ができる場合はとにかくその方法でやるようにしていきましょう。公式は最後の手段だと思ってください。
来週はGWで休みのため、理社は多めに宿題を出しています。計画的に取り組んでください。"
小5,2026,2026/4/27 15:50,算数,今回も引き続き立体図形の体積を扱いました。組み合わせで2つに分けて考えたり全体から引いたりするものですが、考え方は面積でやったときよりもスムーズに出来ていました。斜めの線が縦、奥行きを表すことにまだ慣れていないので、引き続き図を書く練習もしていきます。
小4,2026,2026/4/27 15:50,国語,"本日は漢字の確認の後、引き続き物語文を扱いました。漢字は覚えられていなかったものが4つほどあり、残りは熟語の意味がわかっていなかったためどの漢字を書けば良いか分からないというものでした。物語文の方は本文に直接書かれていない心情を問う問題のみ解けていませんでした。出来事を整理するとすんなり答えることが出来たので、書かれていないものを考える練習を積み重ねていければと思います。来週がお休みなので宿題は少し多めに出しています。
"
高3,2026,2026/4/24 20:20,数学,本日も引き続き基礎問題精講を進めました。集合と論理までは問題なく出来ているようで何よりです。今回扱った絶対値を含む一次関数の最大・最小はそこそこ難しい応用問題なので、よく復習しておいて下さい。また、二次関数のグラフは今後の問題を扱う上で必須の内容なので、スラスラと書けるようにしていきましょう！
中2,2026,2026/4/24 18:50,数学,今回は宿題範囲で出来ていない問題が多かったため、その確認から行いました。前回の授業時は出来ていたはずの問題なので、宿題はやり方を覚えているうちになるべく早く取り組んで下さい。そして分からないところが出てきた時点で質問するようにして下さい。また、符号のミスが再び増えているので、毎回必ず符号を確認するようにしましょう。
中3,2026,2026/4/24 18:50,英語,今回は引き続き進行形未来形を扱いました。これまでに比べるとある程度文法をかんがえながら解こうとしている様子は見て取れます。一方で分からない単語の意味にまだまだ引っ張られているので、形から考える練習を引き続き続けていきましょう。また、人称代名詞ぐらいはそろそろ覚えきって下さい。
小5,2026,2026/4/24 15:50,国語,本日の前半は引き続き論理的文章を扱いました。言葉の意味とは何かというテーマで少し分かりにくいものではありましたが、きちんと読むことが出来ていました。最後の記述問題では最初に見つけた要素に飛びついてしまったため、少なくとも段落の最後まではチェックするように伝えています。その後物語文に入りましたが、現時点では問題なく出来ています。
中1,2026,2026/4/23 18:50,英語,宿題が半分ほどしか出来ていなかったため、宿題の確認から始めました。冠詞は比較的スムーズに出来ましたが、人称代名詞はそもそも覚えられていなかったので、改めて覚え方から確認しました。覚えるときは漫然と見ていても覚えないので、共通点や相違点、規則性と例外を考えながら見ていくと良いです。それである程度確認したら一回隠して書いてみて、覚えられていなかったものを重点的に覚える工夫をするようにして下さい！
中2,2026,2026/4/23 17:20,英語,前回に引き続き不定詞を扱いました。宿題の範囲では穴埋めタイプの問題は正解できていましたが、並び替えが不調で、英語と日本語の語順の違いに苦しんだようでした。接続詞や不定詞の問題はまずメインの主語動詞が何かを必ず確認するように伝えています。授業中の問題は良く出来ていましたが、今回の不定詞の形容詞的用法・副詞的用法では、和訳でも英作文でも、どこが骨格でどこが修飾部分なのかを整理することが非常に重要なので、宿題でも意識しながら取り組んで下さい。
小5,2026,2026/4/23 15:50,算数,"本日も小数の計算の利用で、倍数を扱いました。前回同様きちんと式を作らないといけないこともあり、自分で式を作って解くことが出来ていました。1問だけ前の問題と同じ式を作ろうとしたのか間違えてしまいましたが、基本問題は全て正しい式を作ることが出来ていて素晴らしいです。小数点の位置は少々注意が必要ですが。
後半は立体体積を扱いました。今学校でやっているとのことで体積表面積はスムーズに求められました。凹凸がある図形は苦手意識が強そうだったので、まずは一緒に図を書く練習から始めています。"
高3,2026,2026/4/22 20:20,英語,本日は動名詞を扱いました。抜けていることも多かったですが、説明の後はスラスラと問題を解くことが出来ていました。慣用表現は知らなかったものも多いと思うので、しっかり復習しておいて下さい。その後は分詞の説明まで進みました。分詞は形容詞であるということ、能動はSV関係、受動はOV関係ということを常に意識しながら問題に取り組んで下さい。
中2,2026,2026/4/22 18:50,英語,本日は教科書表現の確認と文型について扱いました。とにかく単語が抜けているので、毎回必ず意味を確認し、スペルを覚えてから書き写すようにして下さい。SVOOの文の書き換えは出来るようになっていて安心しました。所有格や形容詞もまとめて一つのかたまりと捉える感覚を忘れないようにしましょう。
中2,2026,2026/4/22 18:50,数学,本日も連立方程式の文章題を扱いました。十の位の数、2桁の整数等、日本語で書かれているものを式にするのに苦戦していたようですが、落ち着いて考え直せば出来ているので、式を作るまでは焦らず丁寧に取り組むようにしましょう。速さの問題も同様で、今は何の式を作っているのかを考えながら解くようにして下さい。
小6,2026,2026/4/22 15:50,算数,今回は第6回～9回（比と錐体の表面積・体積）のまとめの問題を扱ました。宿題でやってきてもらった問題では基本的な比の計算と文章題は出来ていたものの、改めて確認すると比の計算も怪しい状態でした。再度一から確認しましたが、外側の積＝内側の積の式がどうしても書けない状態でした。文章題でも①を使って式を作ることにかなり苦戦していたので、「＝」が計算の答えを書く記号になっていて、左右の関係性が等しいことを表すということがなかなか理解できないようです。文章題等で日本語で式を作る練習を通して理解させていきます。
小4,2026,2026/4/22 15:50,"国語,算数",本日はがい数の範囲を扱いました。テキストの問題、簡単なワークの問題でもわからないようだったので、数直線等を用いて一桁から順に練習していきましたが、桁が大きくなると出来なくなる様子でした。イメージできない数を数字の操作で考えることがまだできない様子で、かなりストレスもかかっているので、いったん飛ばして次の単元に進もうと思います。
中3,2026,2026/4/21 20:20,数学,今回は展開と因数分解を行いました。数学に関しては分かったふりをせずに自分で納得いくまで理解に努めるなど、良い学習姿勢になってきました。今回の範囲は今後の学習に不可欠なので、しっかり演習して早くかつ正確に出来るようにしていきましょう。来週まで放置すると忘れるので、毎日少しずつでも宿題に取り組むようにしてください。
中2,2026,2026/4/21 18:50,国語,今回は別の問題集を使って説明的文章の読解に取り組みました。概ねよくできていましたが、記述問題で回答の要素が不十分なものがあったり、答えが少し離れたところにある問題だと見つけられなかったりしていました。また、最後の問題では内容が難しかったため全然違う部分を答えに書いてしまう部分もありました。全体として、本文の論理を丁寧に追い、それに基づいて答えを探す練習をしていく必要がありそうです。
中2,2026,2026/4/21 18:50,英語,今回は宿題の不定詞の範囲が出来ていなかったため、復習の後プリントにて不定詞の範囲の問題に取り組みました。間違え方を見ていても、なんとなく単語を組み合わせて作文している節があるので、必ず形に沿って考えるようにして下さい。不定詞の範囲は特に動詞が二つ使われるので、考えながら解かないと絶対にできるようにならないので注意しましょう。
小6,2026,2026/4/21 15:50,国語,今回も引き続き随筆を扱いました。1つ目の文章は言葉が難しい（古い）こともあり一部解けていない問題がありましたが、設問を一緒に読み直すとすぐに分かることもあったので、とにかく設問を丁寧に読み、何をどう答えるのかをチェックをつけていくように指導していきます。後半の問題はよくできていました。選択肢で二択まで絞ったのちなんとなくで選んでしまっていたので、選択肢の違いを確認してから本文と照らし合わせるように伝えました。
小4,2026,2026/4/21 15:50,"国語,算数",国語は引き続き物語文を扱いました。前回も同様でしたが、「一文を抜き出せ」という問題で部分を抜き出してしまっていることがあります。また、設問を一緒に読み直すと分かることも多々あるので、何を聞かれていてどう答えるのかを毎回確認するように指導していきます。算数は前回怪しかった四捨五入は問題なくできるようになりました。範囲であらわす問題はまだ怪しいので、明日は算数から始めて時間をしっかり確保できればと思います。
中2,2026,2026/4/20 18:50,英語,前の授業から時間が空いてしまってこともあり少し忘れていましたが、callを使った分はスムーズに進めることが出来ました。SVOOの語順書き換えがどうしても苦手なようで、所有格も含めて1単語である考え方、型通りに語順を決める考え方を身に着けるためにも、再度解きなおしてください。また、疑問視を使った疑問文は肯定文から考えて順番に書き換える方法を身につけて自分で書けるようにしていきましょう。
中2,2026,2026/4/20 18:50,英語,前の授業から時間が空いてしまってこともあり少し忘れていましたが、callを使った分はスムーズに進めることが出来ました。SVOOの語順書き換えがどうしても苦手なようで、所有格も含めて1単語である考え方、型通りに語順を決める考え方を身に着けるためにも、再度解きなおしてください。また、疑問視を使った疑問文は肯定文から考えて順番に書き換える方法を身につけて自分で書けるようにしていきましょう。
中1,2026,2026/4/20 17:20,国語,今回はしっかり余裕をもって到着してくれました。授業では説明文を扱いました。空所を考える際になんとなく何が入りそうかを考えていたようだったので、本文の言い換え箇所を探す、言い換えには具体例も含まれるということを説明しました。また、記述の問題でも言い換えではなく理由を答えてしまっていました。総じて論理関係への意識が希薄なのでこの点は次回再度説明します。
中3,2026,2026/4/20 17:20,数学,理社はしっかりやってきてくれましたが、数学の宿題が出来ていなかったためそこから進めました。因数分解はやり方を覚えていたようで比較的スムーズに解くことが出来ました。平方根は計算法則を分かっているものの、根号のなかを素因数分解し忘れることが多いので注意しましょう。計算する前に分解して二乗の形を作れるか確認する癖をつけていくとよいでしょう。
小4,2026,2026/4/20 15:50,"国語,算数","国語は小説を扱いました。最初の問題は良く出来ていましたが、2つ目の問題は心の中で思ったことに対して心の中で謝罪するという流れがうまく掴めず時間がかかってしまいました。〇〇してしまうという表現に後悔の意図があることを知らなかったのかもしれません。
長めの記述を諦めてしまう印象もあるので、少しづつ慣れさせたいところです。
算数はがい数の単元で四捨五入を扱いました。色々例を出しながら説明して理解はできた思うので、明日また続きから扱います。"
高3,2026,2026/4/17 20:20,数学,今回は集合～二次関数までをざっと説明しました。聞いて分かった状態でも自分で解いてみるとわかっていなかった箇所が出てくると思うので、次回授業までにできる限り進めてきてください。
中2,2026,2026/4/17 18:50,数学,体調不良もありましたが、宿題範囲をかなり忘れてしまっていたので、今回はできるだけ早く宿題に取り組むようにして下さい。また、符号への意識がまた足りなくなっているので、計算の際は必ず符号を確認することを徹底しましょう。学校での中1範囲の復習で分からないものがあったら自習時でも授業時でも質問してください！
中3,2026,2026/4/17 18:50,英語,本日は頭が痛いとのことでなかなか集中できていませんでした。何度か一緒に考えた限りでは多少頭に残ってはいるようなので、宿題で同じ範囲をやってきて下さい。単語が分からなくてもその単語以外の部分は書けるはずなので分かる箇所だけは書くこと、分からなくて答えを見た場合は赤で書くことを徹底していきましょう。
小5,2026,2026/4/17 15:50,国語,"今回も段落ごとにまとめを作りながら読んでもらいました。事前にも指示をしましたが、やはり理由や対比は見落としていたので、「なぜなら、だから」「しかし、ところが」などはチェックを付けながら読んでいくこととして、まずは接続語が明確になっている箇所から関係性を捉える練習をしていければと思います。
その後の設問はほぼ全問正解でしたが、単語を抜き出す問題ではあまり内容を確認せずに字数のあったものを入れている箇所があったため、必ず前後のつながりを考えるように指導していきます。"
中1,2026,2026/4/16 18:50,英語,本日は名詞、冠詞、代名詞を扱いました。確認問題はほとんど間違えることなく出来ていて素晴らしいです。不定代名詞だけは初めて見るものも多かったためか少し時間がかかってしまいました。今回の単元は細かい知識を覚える必要があるので、宿題で取り組む前に説明を確認し、見ながら解かないように気をつけて下さい。
中3,2026,2026/4/16 17:20,英語,今回は現在完了の継続用法と進行形を扱いました。中3で始めてやる単元なので見慣れないこともあり少し時間がかかってしまいましたが、正答率は悪くありません。分からない単語が多かったので、間違えたものは覚えるようにして下さい。また、不規則変化動詞の過去分詞形も覚えないことには始まらないので、次週までに必ず一通り覚えるようにして下さい。似た形のものをまとめて覚えると意外と数は多くないので頑張りましょう。
中2,2026,2026/4/16 17:20,英語,今回は宿題の確認の後、教科書表現の確認、不定詞へと進みました。宿題の接続詞、今回の不定詞ともに、そのものは問題なく理解できていますが、三単現のSや過去形など細かい部分への注意がまだまだ不足しているので注意が必要です。また、英作文の問題では分からないことがあっても分かる箇所だけでも書く癖をつけていきましょう。
小5,2026,2026/4/16 15:50,算数,"今回は小数の計算の利用という単元で、計算の工夫や逆算を扱いました。最初は例題の解き方を見ながら取り組んでいましたが、途中からはノートから顔を上げずに解ききれていたのでやり方は理解できたようです。まだまだ桁の感覚が薄いようで、2.5×4を100と答えそうになるので、
次の掛け算割り算の逆算は最初完全にフリーズしてしまいましたが、2×3=6で考えるように指示すると自分で求める式を書けるようになりました。整数だとなんとなく当てはめで出来てしまうので、これを機に□を求める式を作る感覚を身に着けて貰えればと思います。"
高3,2026,2026/4/15 20:20,英語,本日は構造把握のため7章の不定詞を先に扱いました。中学生の内容はおおむね覚えられていましたが、高校では細かい表現が増えているので、しっかり覚えてください。また、不定詞の３用法の区別は意味ではなく文法で行うようにしていきましょう。SOCになっている→名詞、名詞を修飾している→形容詞、どちらでもない→副詞の順に考えるようにしてください。和訳から文法を考えるのでなく、文法から和訳を考えるという鉄則を少しずつ身に着けていきましょう。
中2,2026,2026/4/15 18:50,数学,今回も連立方程式の応用の文章題を扱いました。代金の計算などは問題なく出来ていましたが、2倍より30大きいなどになると手が止まってしまっていました。まだ日本語と式の行き来に慣れていないので、演習問題で慣れていきましょう。また、割合はすぐに分からなくなりがちなので、自分がイメージしやすい例で考えてから式を作るようにして下さい。速さは計算式は覚えているのに、式を作る時に適当になってしまっているので、必ず道のりで式を作っているのか時間で式を作っているのかを考えてから書き始めるようにしましょう！
小6,2026,2026/4/15 15:50,算数,今回も引き続き比の利用を扱いました。線分図はうまくかけている問題もありましたが、途中で止まっていることもまだあります。「この長さは何を表しているか」「今回問われているものはどの長さか」を自分では考えられない状態です。式はもう言わなくてもきちんと書くようになってきたので、もっと日本語をノートに書き込むように指導しています。
小4,2026,2026/4/15 15:50,"国語,算数","国語は引き続き物語文を扱いました。よくできていましたが、記述問題では似たような表現があった際にどちらが良いかもう一歩検討してから答えられるとよりよくなると思いいます。
算数では引き続き大きい数を扱いました。後半で集中力が切れていたこともあるかもしれませんが、桁ずれが何度が起きていたので注意が必要です。"
中3,2026,2026/4/14 20:20,数学,今回からいったん中学3年の範囲を進めます。まずは式の展開を扱いました。基本的な展開動作は問題なくできましたが、公式に当てはめる際に符号や文字の扱いに失敗していることがあるので、公式を形で覚えて使えるようになるまで練習してください。宿題はただ解くのでなく公式を使いこなすという目的を忘れずに取り組みましょう。
中2,2026,2026/4/14 18:50,国語,"本日は漢字語句と説明文をいくつか扱いました。内容は把握できていましたが、設問の指示を無視してしまうことがあったので、必ず指示を丁寧に読んで何をどんな形で答えるのかを確認する癖をつけていきましょう。
かなり進んだので次回は別のプリントで授業します。"
中2,2026,2026/4/14 18:50,英語,宿題の確認を行いましたが、並び替えにおいて順番が変になっているものがいくつかありました。見慣れないものでもまずは主語と動詞から考えることを徹底していきましょう。今扱っている不定詞は名詞形容詞副詞の3用法があり、かたまりを作るものとしても重要なので、しっかり区別して考えてから書くようにしてください。
小4,2026,2026/4/14 15:50,"国語,算数","国語は引き続き物語文を扱いました。場面を答える問題で手が止まってまったので、誰がどこで何をしたのかをまず考えるように指導しています。その後部首の問題は6割ほどは自力で解くことが出来ていました。
算数は大きい数の続きを行いました。基本的には問題なく出来ていますが、兆から万に飛ぶなどした際に分からないと言うことがありました。まず0を使って全部の桁を書いてみようとやるとうまく出来ていたので、少しづつ自分で試行錯誤出来るようになればと思います。"
小6,2026,2026/4/14 15:50,国語,本日は宿題の同訓異字を確認した後、随筆の続きを扱いました。記述問題が多かったのですが、中心要素はしっかりかけているものの、指定字数に大幅に足りない状態になっていることが多かったため、書いてみて足りなかったら書き足して9割埋めるように指示しています。また、最後の文章は若干言葉が難しく、主述を捉えられませんでした。語彙を増やすのはもちろんですが、分からないなりに構造で考える練習もしていきます。
中1,2026,2026/4/13 17:20,国語,今回は文節や単語の区切りについて扱いました。ほとんど問題なくできていたものの、「○○している」や名詞＋するの複合語など、同じパターンでの間違いが複数見られました。一方で自分からノートに間違いやすいものについてはメモしていたので学習姿勢としては素晴らしいです。到着がぎりぎりになってしまっているので5分前を目指してくるようにしてください。
中3,2026,2026/4/13 17:20,数学,今回は宿題範囲の因数分解の確認から始めました。公式はある程度使えるようになっていましたが、式をカタマリで捉える、別の文字に置き換えるタイプの問題がみについていなかったようなので、その点から確認しました。宿題で再度練習して自分のものにしてください。後半は平方根を扱い、まだ計算にはなれていないものの理屈は理解できたかと思います。
小4,2026,2026/4/13 15:50,"国語,算数","本日から国語は物語文に入りました。ほとんど問題なしでしたが、一箇所だけ行為者を答える問題でしっくりこない様子でした。状況は把握できていたようなのでいまいち原因が掴めませんでしたが、複数の視点から説明して納得はしてくれたようです。
算数は大きい数に入り、今まさに学校でもやっているとのことでスムーズに進めることが出来ました。桁が飛ぶような際の計算はもう少し練習が必要そうなので、明日また進めます。
"
中2,2026,2026/4/10 18:50,数学,"宿題範囲の確認から始めました。文字式の分配法則で分数が絡んだパターン、係数のない文字のパターンで間違いが発生していました。説明の後は解けていましたが、忘れないうちに宿題で演習を行って下さい。また、式の値ではマイナスを代入する際括弧を書かないせいで掛け算が引き算に変わってしまっていたので、省略せずに書くようにしましょう。
また、間違えたまま次の問題を解いても意味がないので、最初の数問は解いたらすぐに答えがあっているか確認して、勘違いやミスがなくなったことを確信してから一気に解き進めるようにしましょう。"
小5,2026,2026/4/10 15:50,国語,今回も引き続き接続語をテーマに説明文を扱いました。前回同様段落ごとのまとめを書いてもらいましたが、しっかりと主張を書き出すことが出来ていました。一方でまだ論理を追う感覚は薄いので、今後は主張と根拠、具体例を分けて書くことを意識させて、より正確に内容を把握できるようにしていければと思います。その後は、本文をしっかりと読んでから設問に取り組んだおかげか、比較的スムーズに最後まで解くことが出来ました。ほぼ要素は完璧に捉えられています。本人も自覚はあるようですが、本文の抜き出しを足し合わせて書く癖があるので、ちょっと考えて短く答えてから付け足して字数に合わせる考え方でやるように指導しています。
高3,2026,2026/4/9 20:20,英語,本日は問題集で基本的な文の種類について確認しました。基本英文については問題なく書けているようです。後半は英文解釈の基礎として品詞や文の要素、句と節について確認しました。最後のto不定詞の区別は少しややこしかったかもしれませんが、SOCなら名詞、直前の名詞を修飾していたら形容詞、そうでなければ副詞、を機械的に判断することが重要ですので、しっかり練習してきてください。
中1,2026,2026/4/9 18:50,英語,"宿題を確認したところしっかりやれていて、間違えた箇所の復習もきちんと出来ていて素晴らしいです！
本日は助動詞に進みました。覚えきれていないものや初めて見るもののあったかと思いますが、非常に良く出来ていました。空所を埋めるタイプの問題で短縮形に気付かず動詞や主語が抜けてしまっていることが多々あるので、空所補充だったとしても英作文と同様に考えた上で、空所の数に合わせて短縮するかどうかを考えるようにしましょう"
中3,2026,2026/4/9 18:50,英語,本日は宿題の確認の後進行形と未来形を扱いました。まだまだ抜けていることは多いですが、これまで何度も繰り返しやってきたことが多少は身についてきているようです。問題を解くときに余計なことを考えてしまうので、とにかく設問の指示を能くの読んで、必要な箇所だけ確認して解くようにして下さい。
中3,2026,2026/4/9 17:20,英語,今回は不定詞と動名詞の後、一旦残りを飛ばして現在完了に入りました。不定詞や動名詞はかたまりを意識することが重要なので、多少不自然な日本語になっても構いません。文法通りに訳す癖をつけていきましょう。現在完了は法則は単純ですが、とにかく過去分詞を覚えないことには何もかけないのでこれを機に不規則変化動詞を覚えるようにして下さい。
中2,2026,2026/4/9 17:20,国語,今回は前回文章の続きから始めました。記述問題は1番重要な要素は捉えられているので、指定字数に併せて理由などの要素を付け加えていくようにしましょう。後半は文法を扱いました。概ね良く出来ていましたが、名詞+連体修飾格が連体詞と混ざってしまっているのでその点は注意しましょう。
小5,2026,2026/4/9 15:50,算数,"まず宿題の確認から始めました。基本的な割り算は問題ないですが、割る数と商とあまりから割られる数を求める問題は全く分かっていなかったので改めて説明しました。図を書いて考えれば分かるよと伝えましたが、後で確認すると計算の仕方だけ覚えたようなので、改めて自分で導き出せるようにした方が覚えることが減るし忘れにくくなることを確認しました。
今回は小数の割り算を扱い、計算法則は理解できているものの、なぜか筆算を逆に書いてしまうなど集中力が低い状態が見られました。来たとき涙ぐんている様子だったのでメンタル的な問題かもしれませんが…。（本人は眠いと言っていましたが）"
高3,2026,2026/4/8 20:20,"数学,英語",本日は自分で解いてきたところの確認と、これからやる単元の要点解説を行いました。授業中にも伝えましたが、「問題文以外何も見ずに最初から最後まで答案を書けた」状態がその問題をやったということになりますので、その状態を目指して問題を解くようにしてください。次回も不明点の解消→次の範囲の解説という流れで進めていきます。
中2,2026,2026/4/8 18:50,数学,今回は連立方程式の応用の続きを進めました。これまでの具体的な金額等と違って数の操作なので立式に大変苦戦してしまいました。必ず式の意味を考えるようにして文字を式にする感覚に慣れていきましょう。後半は割合の問題で、苦手とのことなので簡単に確認しました。方程式を使えるので、全体×割合が一部ということだけ覚えるようにしましょう。
中2,2026,2026/4/8 18:50,英語,本日も引き続きSVOO、SVOCの文を扱いました。動詞のあとのヒト＋モノ以前に、英文の最初は主語＋動詞から始まるという観点が抜けていたようだったので、その点も意識しながら問題に取り組むようにしてください。また、人称代名詞がまだ覚えられていないので、出てきたものは完璧に覚えきるようにしてください。
小6,2026,2026/4/8 15:50,算数,今回も引き続き比の利用を扱いました。前回の復習から始めましたが、一つ一つのステップの意味は分かっているものの、次に何をすればよいのかが分からなくなりがちなので、一つ一つ空欄を埋めていくように伝えています。後半の線分図の問題は少し良くなりましたが、まだどこからどこが①なのかを書かずに迷ってしまうことがあるので、必ず数字だけでなく範囲も書き込むように伝えています。
小4,2026,2026/4/8 15:50,"国語,算数",国語は前回の途中から始め、もう一つ次の文章に入りましたが、非常に良く出来ていました。接続語の問題は因果関係と並列があまりイメージに無いようなので、今後も少しづつ意識させていければと思います。算数は時間が空いたため少し忘れてしまっていたようですが、自分で前の問題を振り返りながら解くこが出来ていました。
中3,2026,2026/4/7 20:20,数学,本日は連立方程式を扱いました。計算の仕方はある程度覚えていたようですが、符号のミスが目立ちます。途中式を書かずに問題文を書き換えたりすることがミスを生むので、必ず縦に式を変形して細かく書くようにしてください。
中2,2026,2026/4/7 18:50,英語,本日は接続詞の総復習を行いました。使い分けは概ね良く出来ていましたが、thatを使うパターンの時に語順が変になってしまうことが時折見られました。まず全体の主語動詞を確認してthatまでを書いたら、残りの部分だけで独立した英文を作るつもりで考える練習をしていきましょう。また、過去形や三単現なども不意に出てくるため、必ず日本語の語尾や主語を確認してから書くようにしてください
中2,2026,2026/4/7 18:50,英語,まず宿題の確認から始めましたが、2回目のはずが間違いが多かったのが気になります。授業では不定詞の形容詞的用法と名詞的用法を扱いましたが同様で、この接続詞、不定詞辺りから文の中にさらに文があるような形になるので、日本語と英語の構造や語順の違いを意識してから英文を書き始めるようにしていきましょう。
小6,2026,2026/4/7 15:50,国語,今回も引き続き物語分を扱いました。1つ目の文章は人物関係がややこしく把握しきれていなかったことが大きな要因です。明示されていないので少し難しかったですが、今後の物語文では人物関係図を作るように指導していきます。2つ目の文章は比較的良く出来ていましたが、やはり設問の指示を軽視する傾向があるので必ず確認するように根気強く伝えていきます。
小5,2026,2026/4/6 18:50,国語,本日も引き続き接続語の問題を扱いました。P19の残りの問題は前回授業で途中まで扱ったためか、全問正解でした。次の文章はテーマが少し難しく(人間は言葉によって物事を見分け理解している)、最後の筆者の主張に関する問題は間違ってしまいましたが、他の問題は良く出来ていました。とはいえ接続語の問題で文と文の関係を問うと答えられないことも多いので、説明文の問題では論理関係を意識しながら指導していきます。
中3,2026,2026/4/6 17:20,数学,一次関数と図形は一旦飛ばして、3年の最初の範囲に取り組みました。初めてやる範囲でしたか、きちんと理解して問題に取り組むことが出来ていました。違う公式を使ってしまう場面が多々あったため、迷ったら使わずに展開するようにしましょう。同様に途中式を省いた結果符号のミスや計算忘れが発生しているので、慣れるまではくどいくらいに途中式を書くようにしてください。2秒以上考える時間切できてしまったならそれは何かを飛ばしているということだと思って、ただ一個一個計算するだけの状態で進めるようにしましょう。
中1,2026,2026/4/6 17:20,国語,まず宿題の確認を行いました。内容はきちんと読めていましたが、設問に答える際になんとなく考えているためか、1番必要な部分が抜けてしまっていました。記述問題ではまず最初に「一言で答えるなら本文のどの部分か」を考えるようにしていきましょう。その後次の単元に進みました。こちらは物語文だったこともあり良く出来ていました。この調子で進めていきましょう。
中3,2026,2026/4/3 17:20,英語,今回は疑問詞と接続詞を扱いました。概ねよくできていましたが、what timeやhow manyの複合語には注意しましょう。また、接続詞はあとの文をまとめる働きなので、日本語とは逆の位置になります。慣れるまでは必ずどちらの文に付けるべきかを確認してから書くようにしていきましょう。
中3,2026,2026/4/3 17:20,英語,今回も過去形の疑問文や否定文を扱いました。分からない単語は考えても分からないので、調べてルーズリーフに書いて覚えるようにしてください。また、否定文や疑問文への書き換えに単語の知識は要らないので、余計なことを一切考えずにルールに従って書き換える練習を徹底してください。
中3,2026,2026/4/3 15:50,数学,文字式で表す練習はかなりできるようになってきたので方程式に進みました。最初はかなり時間がかかっていましたが、後半はスムーズにできるようになっていたので、この調子で宿題も早めに取り組んで終わらせてください。符号のミスがまだ多いので必ず符号を最初と最後に確認するようにしましょう。
中2,2026,2026/4/3 15:50,英語,"今回はSVOOの文を扱いました。主語、動詞、人、モノの語順をなかなか使いこなせずに苦戦してしまいました。英語は語順で全てが決まるので、単語の意味を考える前にまず語順を意識するようにしてください。また、人称代名詞がかなり怪しいので、都度確認して早めに覚え切るようにしていきましょう。
後半はかなり調子良くできていたので、早めに宿題に取り組んで身につけてしまいましょう！"
中2,2026,2026/4/3 14:20,数学,宿題範囲の確認の後、式の値を扱いました。前回は出来ていたマイナスの括弧を外す計算が絶不調でした。またマイナスの値を代入するときにも符号を間違ってしまうことが多いので、とにかく途中の式を一切省略せずに、一回計算したらまず書くようにしていきましょう。一見書く量が多くめんどくさいように見えますが、一回一回の変形が早くミスもなくなるので結果的に早く解けますし、単純な計算だけなので疲れにくいはずです。
小6,2026,2026/4/3 9:50,国語,今回から物語文に入りました。文章の読み取りはほとんど問題なく、設問とは関係ない質問をしても答えられています。一方で問題を解くときには問われていることと違うことを答えてしまったり、推測が強過ぎてしまったりしています。今後は設問の内容を確認した上で、根拠となる性格、人間関係、台詞、行動などにチェックを入れてから答案を作るように指導しています。
中1,2026,2026/4/2 17:20,英語,今回はテキストの最初の動詞の範囲で、be動詞と一般動詞、現在形と過去形の肯定文・否定文・疑問文を扱いました。概ね覚えていましたが、特に三単現のSはあまり身についていなかったようで苦戦してしまいました。また、否定文や疑問文を考える際になんとなく考えてしまっているようだったので、きちんと法則に基づいて考えるように指導しています。とはいえ全体としては非常によくできていますので、この調子で復習を進めていきましょう。
中3,2026,2026/4/2 17:20,数学,今回は数量で文字を表す練習を行いました。割合は最初全く計算できていませんでしたが、何度か具体例で練習した後、何とか文字であらわすことが出来るようになりました。少し考えればできるにも関わらずとりあえず適当に式を作る癖があるので注意が必要です。きちんと意味を考えてから式にするようにしてください。
中2,2026,2026/4/2 15:50,英語,"宿題の確認から始めましたが、良くできていました。疑問文の答えを書く際にとりあえずIと書いてしまう癖に気をつけましょう。
今回はwillを扱いました。doと同じ使い方という説明できちんと理解できて否定文や疑問文も問題なく書けるようになっています。isやareの原形がbeであることには注意しましょう。"
中2,2026,2026/4/2 15:50,英語,本日は引き続き接続詞で、becauseとthatを扱いました。接続詞の扱いは概ね問題ないものの、並び替えでbe動詞と一般動詞を並べてしまうなどが発生しています。英作文もそうですが必ず主語動詞を考えてから書くようにしてください。一方で三単現のsはかなり意識できるようになってきましたので、この調子で頑張りましょう。
中2,2026,2026/4/2 14:20,数学,前回に引き続き多項式の計算を進めていきました。宿題の範囲では符号のミスがまだ残っていましたが、数×多項式ではノーミスで解き切ることが出来ました。残念ながらその後の問題ではミスが出たものの、かなり成長してきたように思います。問題文を丁寧に写して、途中式を省略せずに計算する方が早くかつ確実なので、今後も続けていきましょう。
中2,2026,2026/4/2 14:20,数学,"宿題確認の後、文字式の利用に進みました。説明問題にはなかなか苦戦しましたが、後半の規則性の問題である程度やり方は掴めたかと思います。等式変形や図形への応用は比較的スムーズに進められました。ただ、文字が多くなったときに掛けているのか足しているのかの区別が出来ていないことがあるのでもう少し練習が必要そうです。途中式をきちんと書いてミスが生じないようにしていきましょう。
授業がこれで終わるので宿題はありませんが、学校のワークはどんどん進めていきましょう。"
小6,2026,2026/4/2 11:20,算数,"宿題についてはノートを忘れたとのことでした。初回ですので、どうすれば忘れないのかを確認し、次回必ず持ってくるように指導しています。宿題内容に関してはそのまま同じタイプの問題を解かせましたがきちんと覚えているようでした。
今回から割合とグラフの範囲に入り、基本の円グラフと帯グラフは問題なく解くことができました。例題2,3の相当算は、ともに図があればどこにどの数字が入るか、どう計算するかはわかっているが、自分で状況整理の図や線分図を書くことが出来ないという状態です。図の「この長さは何を表している？」「これを表すのはどの部分？」という質問には答えられるので、あと一歩という印象です。次回も例題3・類題3の確認から始めます。"
小6,2026,2026/4/2 9:50,国語,"まず宿題の確認をしましたが、2個目の文章の本文まとめまでという状況でした。理由を聞くと時間がなかったと言ったので、その場で解かせ、かかった時間を確認し、これくらいなら出来たよねと指導しました。本日分の宿題についても帰宅後すぐか夕食後に必ずやると約束したので、明日確認します。
授業では論説文を引き続き扱いました。内容がイメージしやすい昆虫の文章は良く出来ていて、イメージしにくい惑星と大気については間違いが多いという状況です。文章を読んでそのまま設問を解いているので、設問を読んで本文にどう書いてあるかを確認してから答えを書く、選ぶというステップを指導していきます。"
中1,2026,2026/4/1 14:20,国語,今回は最初の詩と随筆を扱いました。別塾の体験でやったとのことで内容はしっかり捉えられていましたが、まだ設問への対応は慣れていない様子でした。記述問題では必ず何が問われているか「どういうことか」「なぜか」を確認してから書き始めるようにしていきましょう。また、伺った通り漢字は既習のものでも抜けているものが多いので都度確認しながら進めていきます。
小5,2026,2026/4/1 11:20,算数,"今回は差集め算と分配算を扱いました。線分図を書いて考える問題でしたが、線分の長さが表しているものや、〇や□を使って作った式が何を表しているかなど、意味に対しての意識があまりないため、かなり苦戦してしまいました。この点は今後も注力していきます。
後半はいったん次の単元に進んで小数の掛け算を扱いました。こちらは計算方法を教えたところノーミスでどんどん解き進めることが出来ていました。今後の授業は単元を少しずつ進めつつ、時折文章題を扱うような構成で進めていこうと思います。"
中3,2026,2026/4/1 11:20,数学,"まず宿題の出来を確認したところ、決まったやり方に捕らわれるあまり、簡単な方程式を解けずにいたようでした。また、その後の文章題でも式の意味（何を計算すすものか）をあまり意識していない様子だったため、必ず何を計算しているのかを考えながら解くようにしてください。
今回は割合の概念の復習から入りましたが、いったん百分率に関してはある程度理解し使える状態になったかと思います。今後も都度理解度を確認しながら進めていきます。"
小5,2026,2026/4/1 9:50,国語,"文章を漫然と読んでいる節があるので、段落ごとにまとめメモを書きながら読むように指示しました。今回はまだ最初なので文を抜き出しているだけでしたが、比較的要点は捉えられているようです。少しずつ段落間の関係性も意識させていければと思います。
また、設問においては文を抜き出す、部分を抜き出すの違いが曖昧になっていたので、設問を見たらまず条件を確認する事を再度伝えています。"
中3,2026,2026/4/1 9:50,英語,今回は比較を扱いました。これまでと同様に文法事項はすんなりと使いこなせるものの、単語が分からず解けていない状態です。分からない単語は全部書き出しているようなので徐々に改善してくるとは思います。また、今回の単元に集中している結果、be動詞と一般動詞の区別や過去形への意識が疎かになっていることがあるので注意しましょう。
中3,2025,2026/3/31 17:20,英語,本日は過去形の続きを扱いました。なかなかbe動詞と一般動詞を区別して答えることが出来ていませんでしたが、反射的に適当に答える癖が少し抑えられて多少は考えながら解くようになってきました。後半に並び替えをやり続けましたが比較的良く出来ていました。宿題は必ずやって来て下さい。
中2,2025,2026/3/31 15:50,英語,今回は宿題の過去形の確認の後、be going toを扱いました。今日はかなり調子が良く、否定文や疑問文をすんなりと答えることが出来ました。法則に従って考えることができてきています。テキストの問題もほぼ間違えずに解くことが出来ていて素晴らしいです。単語の抜けはなんとかしなければならないので、分からなかった単語はどんどん書き出すようにしてください。
中2,2025,2026/3/31 15:50,数学,"本日は連立方程式の続きを扱いました。解き方は問題ないですが、符号のミスや、式を数倍する際に数字にかけ忘れる事象が発生していました。途中式は丁寧に書くようになってきているので、変形の際にまず符号を確認すること、マイナスが出ないように変形すること、イコールの関係が保たれているか確認する事を徹底していきましょう。
"
中2,2025,2026/3/31 14:20,英語,今回はto不定詞の副詞的用法を扱いました。和訳問題は良く出来ていましたが、空所補充や英作文においてbe動詞と一般動詞を重ねてしまったり、動詞が抜けたりしてしまうことがあります。問題を解くことに集中しすぎている節があるので、必ず主語と動詞を確認するようにしましょう。また、一部が分からないと全部書かないのは勿体ないです。不明点を明確にするためにも、部分点を稼ぐためにも、分かる範囲で書くようにしてください。
中2,2025,2026/3/31 14:20,数学,1年の復習の範囲が終わったので、中2の範囲に入って式の加法減法を進めていきます。今回は同類項をまとめるところまで扱いましたが、概ねやり方は理解して解けるようになったようです。符号への意識がまだまだ甘いので、符号は常に確認しながら解き進めるようにしましょう。
小6,2025,2026/3/31 9:50,算数,本日もきちんと宿題はやってありました。今回は前回に引き続き錐体、回転体の体積を扱いました。一対一だったこともあり、少し時間を掛けて分数の概念、割り算と分数の掛け算の変換を復習し、簡易的な方程式の解き方を扱いました。その後実際の問題を扱いましたが、前回やった中心角の公式はきちんと覚えられていました。宿題で基本問題を出しているので次回確認し、問題なければ次の単元に進みます。
中3,2025,2026/3/30 17:20,英語,今回は宿題はきちんとやってきてくれましたので次の単元に進んで過去形に入りましたが、過去形の形と三単現のSの形を混同し続けてなかなか進みませんでした。be動詞と一般動詞も言えば区別できるものの自分では気づけないという状態なので、ここのクリアにかなり時間が掛かりそうです。
高3,2025,2026/3/30 17:20,数学,本日は最初に英語の勉強について確認した後、数学に進みました。今回は対称式を使った問題で、説明したことを理解して問題を解き進めることが出来ました。最後の問題のみ少し苦戦してしまいましたが、きちんと納得するまで考えることが出来ていて素晴らしいです。この調子で理解を重視して進めていきましょう。
中2,2025,2026/3/30 15:50,数学,"今回は宿題範囲で分からない問題が多かったため、その確認から始めました。式を変形する際や最後に答えを書く際に分母なのか分子なのかへの意識が甘いために、逆にしてしまうことが多かったようです。
後半で文字式の利用の単元に少し入りましたが、奇数や差が2の数を文字を使って表す等も苦手意識がありそうだったため、次回も説明から始めます。"
中3,2025,2026/3/30 15:50,数学,今回は文字を使った数量の練習を行いました。代金や平均は問題なくかけているものの、単位変換や割合は間違えてしまうことが多いです。とにかく適当にかけたり割ったりする傾向があるので、「わかるものをまず書く」→「文字に置き換える」訓練を少しずつしていきます。
中2,2025,2026/3/30 14:20,英語,今回は1年生の復習を終わらせて、中2の範囲に入りました。まだ新規の文法事項ではなく過去形の問題だったため、比較的スムーズに解くことが出来ました。が、一般動詞の問題にbe動詞を持ち込んだりしてしまっているので、必ず区別して問題に取り組むようにしましょう。宿題で規則動詞の過去形を出しています。
中2,2025,2026/3/30 14:20,英語,本日から接続詞に入りました。きちんと法則を理解してほとんど間違えることなく進めることが出来ました。未来を表す際にbe動詞を忘れないようにすること、進行形のbe動詞など、基本的な形の意識がまだ甘いので注意しましょう。また、三単現のSや、過去形、否定形などに注意して英作文に取り組むようにしていきましょう。
小4,2025,2026/3/30 11:20,算数,"今回は割り算の工夫をメインで扱いました。最初は初めて考えることだったためかなかなか腑に落ちない様子でしたが、後半はしっかり使いこなすことが出来ていて、問題もどんどん解き進めることが出来ていました。あまりを書く時の桁だけは気をつけるように伝えています。
2コマ連続でしたが特に集中力が切れた様子もなく、問題ないかと思われます。"
小6,2025,2026/3/30 11:20,国語,今回は宿題で解いてきてもらった文章の確認から始めました。言葉を知らなかった問題もありますが、要点を聞く問題で要点以外の事を答えている、原因を聞く問題で内容説明になっている等が主な間違いの要因です。設問の指示に丸をつけて何を問われているか考えるように伝えました。また、どこに何が書いてあったか思い出すのに時間がかかっていふこともあるので、段落ごとに何の話かを簡単にメモすることも併せて指示しています。
小6,2025,2026/3/30 9:50,算数,比の問題は次の次の単元でも扱うので一旦終わりにして、次の単元に入りました錐体の体積と表面積を求める単元で、四角錐三角錐は問題なく進められました。円錐は図形的な部分は問題ないものの、割合の概念理解が怪しいためか、扇形の面積にかなり苦戦してしまいました。いったんは公式暗記で進めつつ、次の単元に向けて割合についての概念理解、分数を掛けることの意味を整理する時間を作ります。
小4,2025,2026/3/30 9:50,国語,"今回と引き続き接続語の問題を扱いました。きちんと前後の文を確認して設問に取り組んではいましたが、文が長かったためか、関係性をとらえられずにいたようです。また、記述問題でも、少し離れた箇所にポイントや根拠がある場合にうまく書けない状態となっていました。内容が難しくなった際にうまく読み取れてない様子なので、読みにフォーカスして進めていきます。明日はP24,25の続きから扱います"
中2,2025,2026/3/28 17:20,英語,宿題の接続詞の範囲に間違いが多かったためその復習から始め、その後依頼表現、重要文法の整理へと進みました。良く出来ていましたが、説明箇所を見ながら解いていることがあるため表現を覚えきれていない様子でした。単語もそうですが、思い出す作業が記憶の定着には不可欠なので、一旦見ずに思い出す→出来なかったら確認するという順番で取り組むようにしていきましょう。
中2,2025,2026/3/28 15:50,数学,本日から連立方程式を扱います。計算方法はしっかり理解できていて、加減法はスムーズに進められました。代入法は式を式に代入する感覚が掴めなかったのか最初だけ苦戦しましたが、後半は問題なく解けるようになりました。ただ、計算や連立でない1次方程式を解く際にミスが発生していました。途中式を省略した結果暗算に時間がかかってしまっていることもあるため、頭の中で済ませようとせずにノートにどんどん書いていくようにしましょう。
中3,2025,2026/3/28 11:20,英語,"今回は命令文と形容詞・副詞を扱いました。これまで通り文法法則はきちんと使えています。単語や表現のストックがあまりないので問題が解けない状態になっています。ただ、以前指示した通りわからない単語を書き出すことはきちんとやっているようなので、この調子で続けていきましょう。
"
小5,2025,2026/3/28 11:20,国語,"本日から接続語の問題に入りました。前後の文の関係性を考えるのではなく、いれてみてなんとなくそれっぽいものという解き方になってしまっているので、すべての問題について、どういう関係かな？と問いながら進めていきましたが、その質問にはある程度正しく答えられていました。今後は文と文や段落と段落の関係性を書かせるような形式にしていきたいと思います。
また、以前も扱った「具体的」の意味が分からなかったり、（動物の具体例は？だと答えられず、動物って例えば何がある？と問えば答えられる）、「したがって」の意味が分からなかったりしていたので、語彙力そのものも鍛えていく必要がありそうです。"
中3,2025,2026/3/28 9:50,数学,連立方程式に入りました。計算方法は理解できていますが、ミスも見られました。ミスがなくなるまで途中式を省かないようにしましょう。後半の文章題も個数と代金、速さの問題はすんなり解くことが出来ていました。割合、百分率ははそもそも概念から怪しいので、次回は連立方程式から少し離れてそのあたりの問題を扱います。
小6,2025,2026/3/28 9:50,国語,"今回は論説文と説明文を途中まで扱いました。論説文は内容が抽象的(人格と意見は分けるという内容)で文章自体の難易度が高かったため、正答率は低くなってしまいました。一方で後半の説明文はきちんと読めていて、現状正解できています。読みに関しては論理を考える練習を少しずつしていきます。
設問については、◯字で探して△字で答えよというタイプの問題は、前半の指示を無視してしまって△時の言葉を探してしまうなどが見られたため、長い設問の際にまず何を答えるのかを整理することから始めていきます。"
中2,2025,2026/3/27 15:50,英語,今回は定期テスト対策ABという前回内容の復習単元に取り組みました。単語もきちんと覚えられており、語順等も概ね問題ありません。つまづきやすい同意文形成もきちんと考えられています。だんだん修飾語句が増えて英文が長くなってきているので、和訳も作文も、いくつかの単語の塊を意識して考えるようにしていきましょう。
中2,2025,2026/3/27 14:20,数学,今回は多項式の計算を扱いました。計算方法はきちんと理解できていて、途中式も省略せず丁寧に書いてるため間違えた時の原因分析もすぐにできてどんどん進めることが出来ました。ただ、マイナスを掛けるとき(括弧を外す時)に符号を間違えてしまうことが何度かあったので、その際は符号を丁寧に確認するようにしましょう。また、最後の分数と文字の除法では、文字が分母なのか分子なのかが曖昧になってしまっていたため、慣れるまでは横に文字を書かず分母分子のどちら側かに寄せるようにして下さい。
中3,2025,2026/3/27 11:20,英語,"宿題の確認で冠詞代名詞を扱いました。この辺りは今後も単元に関係なく触れることが多いので、出てくるたびに確認するようにしていきましょう。
今回は未来形と助動詞を学習しました。きちんと文法を法則として捉えられているので、否定や疑問もすんなりと間違えることなく書くことが出来ていて素晴らしいです。ちょこちょこミスがあるので、問題文の語尾をチェックすること、空所補充は最後に確認する事を徹底していきましょう。
今週分まで理社も進んでいるようで、全体としても順調かと思います。"
中3,2025,2026/3/27 9:50,数学,"最初に一次方程式の応用を扱いました。初見では解けない難易度でしたが、説明で考え方は理解できたと思います。今回のように解説を読んで考える練習もしていきましょう。
その後、図形の範囲は一旦飛ばして中2の式の計算の範囲に入りました。概ね良く出来ていましたが、方程式を解くことと式の値を計算することは異なる作業なので混同に注意して下さい。"
中3,2025,2026/3/26 17:20,英語,今回は宿題が出来ていなかったので、再度その範囲を扱いました。ほとんど忘れていたので改めて説明する必要がありましたが、一度解き終えたのち二週目を解くと全問正解だったため、いったんは理解できたものと思われます。宿題で同範囲の練習問題を出しているので、必ずやってきてください。
中2,2025,2026/3/26 17:20,英語,今回は教科書表現の確認と5文型について扱いました。文型はこれまであまり意識してこなかったものだと思うので苦戦していましたが、和訳はきちんと出来ているので及第点と言えます。その後重要文法の整理という単元でこれまでのwillやSVOO、SVOCの復習を行いましたが、並び替えまで問題なく出来ていました。書き換えの際のforとtoだけは注意しましょう。
中3,2025,2026/3/26 15:50,数学,本日は宿題の確認から入りました。等式の変形は一度説明すると思い出したのか比較的スムーズに解き進めることが出来ました。また、文字で数量を表す問題もきちんと理解できています。一方で割合の計算はかなり怪しいため、次回はそこから進めていきます。
中2,2025,2026/3/26 15:50,数学,数学は初回なので中1の復習から入りました。一部符号ミスがあったものの、文字式や概ね問題なく理解出来ているようです。後半は多項式の加法減法について扱いました。新しい用語や考え方もしっかり使いこなせていました。明日も授業なので宿題は飛ばした問題のみとします。このペースでどんどん進めていきましょう！
中2,2025,2026/3/26 14:20,数学,
中3,2025,2026/3/26 11:20,数学,本日は一次方程式および比例反比例の文章題を扱いました。特に一次方程式の文章題については、惜しいところまでは出来ているが、微妙に式が違うことが間違いの原因なので、まず日本語で何を式とするかを考えてから数式に落とし込むようにしていきましょう。また、余計な計算をしないこと、工夫して計算することもミスを防ぐために意識していきましょう。
小5,2025,2026/3/26 11:20,算数,"2コマ連続でしたが、最後まで集中して取り組むことが出来ていました。最初のL字型図形の面積は会話しながら進めましたが、二つに分けること自体は問題なく、その後各箇所の長さを考えるときに苦戦しました。とりあえず数字をを言う傾向が強いので、とにかくわかる長さをどんどん図に書き込むようにすると、二問目は比較的スムーズに進めることが出来ました。後半は文章題に入り、所見では難しいので図を描きながら説明した後、それを見せずに再現させるとしっかりと出来ていました。明日も授業なので宿題は面積の問題の解きなおしのみとしています。
"
小5,2025,2026/3/26 9:50,国語,今回も引き続き指示語の問題を扱いました。選択肢がややこしい問題の解きに間違いがあったため、すべての選択肢を確認してから答えること、迷ったら文章を再度確認することを伝えています。記述問題は内容をしっかり答えられている一方で、抜き出しになってしまっているので、何が聞かれているのか、どういう形で答えるのかを確認してから答えるように指導しました。
小6,2025,2026/3/26 9:50,算数,"本日も引き続き比の利用を扱いました。昨日の宿題と同タイプの問題はスムーズに解けており、式の意味を聞いても答えることが出来ました。
今回の例題6は少々ややこしく、今の年齢を①とおいたり、①年後を考えたりしたため、混乱してしまった様子です。また、前者の場合は①が8歳を指すことが理解できる一方で、後者の場合は38歳の①年後の年齢を39歳と答えてしまうなど、まだ文字であらわす考え方に慣れていないようです。今後の単元でも同じように考えることが多いので、少しずつ身に着けられるように進めていきます。"
中2,2025,2026/3/25 18:50,英語,引き続き中1の復習の範囲を進めました。宿題でやってきた箇所は単語以外は良く出来ていました。ただ、総じてスペルが怪しいので、見ながら書き写すのではなく、覚えて思い出しながら書くようにしていきましょう。また、疑問文や否定文への書き換えはなんとなくやるのではなく、法則にしたがって考えるようにしてください。
中2,2025,2026/3/25 18:50,数学,今回は第一章の総復習トレーニングの単元を進めました。概ねやり方は覚えていましたが、途中式を書かないことによるミスが頻発していたので、絶対に間違えない自信が付くまでは面倒くさがらずに書くようにしましょう！最後の等式変形は足す引くなのか掛ける割るなのかをかならず確認してから進めて下さい。
小6,2025,2026/3/25 15:50,算数,まず宿題の確認から始めました。まず逆比はやり方が分かっていたものの分数の比を整数の比に変換する際に間違いがあったたためその確認から始めました。後半の文章題は途中まで出来ていたものの、比の①が何に当たるかを考えられていなかったため、改めて解き直しました。その後新しい例題に進み、比例式の利用に取り組みました。やはり早く解くことを重視しているのか、まだまだ例題の解法をなぞりつつ適当に数字を持ってくる癖が残っています。ただ、一つ一つ確認していくと何をしているのか答えられることもあるので、根気強く指導してまいります。
中3,2025,2026/3/24 20:20,数学,本日は等式の変形を扱いました。最初は足すと掛ける、引くと割るの区別が曖昧で進みが悪かったですが、理解してからはなんとか進めることができました。途中式を省略するせいで間違えてしまっていることも多々あるので、必ず全部書くようにしてください。頭の中で考えるのはミスの温床です。ノートの上で考えましょう。
中2,2025,2026/3/24 18:50,英語,今回はUnit0-1の総復習の単元を扱いました。一つ一つの文法事項は覚えていないわけではないものの、ごちゃごちゃになってしまってうまく使い分け出来ていない印象です。また、特に疑問文において語順が変になってしまいがちなので、とにかく平叙文の語順から順に考える癖をつけていきましょう。宿題で解き直しを出すので、とにかく語順に気をつけて取り組んで下さい。
中2,2025,2026/3/24 18:50,英語,"本日は単語テストに取り組んでみましたが、あまり覚えられていませんでした。出てきた単語をきっちり覚えていくことはテストに向けて必須なので、しっかり復習しておいて下さい。宿題範囲は概ね問題なく出来ていましたが、この辺りから文が長くなるので日本語との対応を考える癖をつけていきましょう。
"
高3,2025,2026/3/24 17:20,英語,"今回は今後の進め方の確認と、英語の最初の問題を扱いました。
英語:パス単、リード英文法A、速読英熟語
数学:基礎問題精講1A
を進めていきます。やり始めてみて細かい進め方は調整していきます。"
中3,2025,2026/3/23 17:20,数学,"まずは宿題の確認から始めました。方程式の計算はほぼ問題ありませんでしたが、応用の文章題は苦戦した様子でした。何をxとおいたのかや、xを使って表したもの、作った式が何を表しているかへの意識がまだまだ甘いようだったので、その点をメモしながら解くように指導しています。その後比例反比例に入り、定義はきちんと覚えていたものの、式とグラフの関係はさっぱり分からないとのことでしたが、説明で理解してくれたようで、その後の問題はスムーズに解けていました。
次は図形の範囲ですが、中3範囲に追いつくために一旦飛ばして進めます。"
中2,2025,2026/3/20 18:50,数学,宿題範囲の確認から取り組みました。指摘すると修正は出来るものの、符号についてのミスがまだまだ多いため注意が必要です。四則演算の計算の順番については多少身についてきたので、宿題を通して完璧にしてきてください。また、分配法則・結合法則を使った計算の工夫にも注意してください。宿題が問題なく出来ていれば次の範囲に進みます。
中3,2025,2026/3/20 18:50,英語,"宿題がほとんど出来ていなかったため、宿題範囲から再度取り組みました。前回の内容をかなり忘れてしまっていたため、できるだけ早く宿題に取り組むようにしてください。後半は正しく考えられるようになってきているので、この調子で、常に主語が何か、be動詞か一般動詞かを考えながら進めるようにしてください。
また、わからない単語はすべてルーズリーフに書き出すようにしていきましょう。"
小5,2025,2026/3/20 15:50,国語,今回は宿題をきちんとやってきてくれました。授業では引き続き指示語の把握を扱いました。直前に書かれていることを抜き出すタイプの問題は記述問題も選択問題も正解できていましたが、前の段落全体をまとめるタイプの問題は間違えてしまいました。質問していても、意味を考えているのではなくとりあえず直前に書かれていることを答える傾向があります。一方で1単語で言うと？などの問いかけには正しく答えられることもあるので、見つけた箇所を代入してみることを徹底して、少しずつ意味を考える重要性を実感させられればと思います。少し負荷が掛かってストレスを感じている印象もあるのでご家庭で気になることがあればご連絡下さい。
中2,2025,2026/3/19 17:20,国語,今回は引き続き文章問題を進めました。記号問題は前半でいくつか間違いがあったものの、後半はほぼ正解で、理由を聞いてもきちんと考えた上で選べていました。記述問題はまず書くことは出来ていますが、微妙にズレている解答も見られたため、まず設問と傍線部のみを見て極力簡潔に答えてみる、その後字数に合わせて付け加える部分を探すという順で考えるように伝えています。読む力自体はあるので、注意を向けるポイントが分かってくると安定して正解できるようになるかと思われます。
中3,2025,2026/3/19 17:20,英語,宿題を確認したところ、やはり文法規則で考えられる部分は非常に良くできていて、とにかく単語を覚えられていない箇所が間違っているという印象です。ルーズリーフを使っているので、とにかく分からなかった単語や表現は全て書き出すこと、問題に取り組む前に確認することを伝えています。今回扱った単元は良く出来てきたので、宿題の際はできるだけ何も見ずに解けるようにしていきましょう！
小5,2025,2026/3/19 15:50,算数,今回も引き続きウォーミングアップの範囲を進めました。最初の文章題でフリーズしてしまっていたので、一旦簡単な数字で考えてみて、同じ考え方で問題に取り組むという手法を試してみましたが、なかなか苦戦してしまいました。やはり切りの良い数字だとなんとなく出来てしまうが故に、与えられた情報から式を作ることが極端に苦手なこと、そもそも掛け算の概念理解が出来ていないことが要因かもしれません。また、まだまだとりあえず適当に計算結果を言う癖も残っています。一方でノートに式を書くことなどは少しずつ自発的にようになってきています。
中2,2025,2026/3/18 18:50,数学,本日は文字式の利用で文章問題と、等式変形の復習を行いました。文章題では面積や体積を文字であらわす問題でしたが、なんとなく計算してしまっているので、定義に立ち返って式を作るように心がけましょう。後半は式計算を行いましたが、全体としては非常によくできていました。掛け算の等式変形が少々怪しかったので復習しておいてください。また、符号のミスには気を付けましょう！
中2,2025,2026/3/18 18:50,英語,本日は宿題としていた中1の復習の一般動詞～進行形の範囲を進めました。自分でやった段階ではかなり間違ってしまっていましたが、説明した後はなんとか解くことが出来ていました。法則性は理解できたと思うので、次回確認して問題なければ次の範囲に進みます。単語を見ながら書いていては覚えないので、頭に入れて思い出しながら書くようにしてください。
小6,2025,2026/3/18 15:50,算数,本日は宿題の確認の後、比の利用の範囲に入りました。分数が入った比の計算が出来ていなかったためそこの確認から行いましたが、やはりまだ感覚的にやっている部分があるため、なぜそうなるのかを問い続ける必要がありそうです。文章題の解き方は使えるようになりましたし、過程もきちんとノートに書くことが出来ています。宿題の際も過程をきちんと書くようにして頂ければと思います。
小4,2025,2026/3/18 15:50,"国語,算数","本日の国語は接続後の続きを扱いました。記述問題ではやはりまだ苦手意識があるのか、何を書けば良いのかわからない様子で、簡単に考え方を伝えたらしっかりと書くことができました。能力ではなく自信・姿勢の問題だと思うので、間違えても良いから書いてみること、設問分を見た時の考える順番などを伝えていければと思います。
算数は割り算の利用で文章題を扱いましたが、間違えることなく解けていて素晴らしいです。計算の工夫の部分は時間が足りなかったため、来週再度説明します。"
中3,2025,2026/3/17 20:20,数学,今回は宿題の確認で正負の数から扱いました。間違えた箇所も自分で直せるようになっていたので一旦は大丈夫かと思います。文字式の方もかなりやり方は身についてきていて、符号も意識できるようになってきていると思います。ここから徐々にスピードを上げていきます。宿題は必ず丸付けをして解説を読んで解き直すようにしていって下さい。
中2,2025,2026/3/17 18:50,英語,"今回は宿題の確認の後、SVOOの文、SVOCの文を扱いました。法則は概ね理解してあまり間違えずに進めることが出来ましたが、気を抜くとなんとなく聞き馴染みのある語順で書いてしまいがちなので、常に動詞の使い方に注意を払って取り組むように伝えています。
宿題で単語ドリルを出しています。英語から日本語、日本語から英語共に出来るように覚えてきて下さい。覚えたものにチェックをつけて、覚えてないものに時間を重点的に使えるようにしていきましょう。"
中2,2025,2026/3/17 18:50,英語,今回から接続詞の範囲に入りました。穴埋め系の問題は比較的良く出来ていましたが、英作文等は、日本語訳が長くなっていることもありごちゃごちゃになってしまうことが時折ありました。このあたりの範囲から、まずは日本語の構造を分析することが必要になってくるので、なんとなく書き始めるのではなく、大まかな語順を考えてから書くようにしていきましょう！
中3,2025,2026/3/16 17:20,数学,本日はまず宿題の確認から行いました。計算系の問題は符号のミスがありましたが、全体としては良く出来ていました。文章題系もある程度までは自分で考えられていて素晴らしいです。後半は次の範囲に進んで方程式の応用で文章題を扱いました。苦手との発言もありましたし、実際進みも少し遅くなってしまいました。とはいえ解けている問題も多かったので、ノートに式の意味を書きながら進めていきましょう！
小4,2025,2026/3/16 15:50,"国語,算数","国語は漢字日記の確認から始め、接続語の文章題を扱いました。文章で答える問題もきちんと書くことが出来ていて素晴らしいです。内容的には抜き出し系は良く出来ていますが、自分でまとめるもの、言い換えを見抜く必要があるものはまだまだこれからといった印象です。
算数は引き続き割り算の筆算を扱いました。計算の仕方は合っているものの、2桁かける1桁を暗算でやろうとして時間がかかったり、ミスしたりしているので、掛け算の筆算と同じように考えるように伝えています。"
中2,2025,2026/3/13 18:50,数学,宿題で分からないところがあるとのことだったので、その確認から始めました。マイナス×マイナスがプラスになるのが抜けていたのと、符号への意識が甘いのが要因で、一つずつ確認していくと問題なく出来ています。宿題で同じ範囲の違う問題を出したので、一つ一つ途中式を省略せずに書いて、計算ミスをしないことを意識して取り組んでください。
中3,2025,2026/3/13 15:50,英語,前回の宿題の確認から進めましたが、かなり抜けてしまっていて、再度基本から確認しました。まだまだなんとなく考えてしまっているので、法則通りに機械的に考える癖をつけていきましょう。同じ範囲を宿題としていますので、覚えているうちにもう一度取り組んでください。また、単語がわからない場合は調べるようにしてください。
小5,2025,2026/3/13 15:50,国語,宿題を6ページ中4ページしかできていなかったため、宿題の残りから取り組みました。辞書の順に並び替える問題でかなり時間がかかってしまいました。ルールを知らなかったものもありましたが、最終的には解けている問題でも都度2つを比べているような感じだったため、考え方を伝えて少しスムーズに解けるようになりました。残り時間が中途半端だったため、漢字の成り立ちの問題を扱いました。
中2,2025,2026/3/12 17:20,国語,"本日から国語の授業を始めました。まず学校ワークを確認しましたが、テストと全く同じ問題はなかったものの、似たようなことが問われている問題はいくつか確認できたため、テスト前はワークの問題に即答できるように勉強していきましょう。
その後テキストで問題に取り組みましたが、穴埋めタイプの問題は良く出来ていました。記号問題ではかなりふわっと選んでいる様子も見て取れたため、必ず本文を読んで答えを考えてから選択肢を見るように指導しています。"
中3,2025,2026/3/12 17:20,英語,"今回は一般動詞～進行形を扱いました。否定文や疑問文を作る問題はほぼ全問正解で、やはり文法規則にのっとって考える力は十分にあるようで、なかなか良いペースで進められています。一方で基本的な単語が出てこなかったり綴りが書けなかったりしているので、まずは出てきた単語で書けなかったものを書き出して覚えていくようにしましょう。
面談では今後の進め方を確認し、理社を１週間に2単元ずつ進めていく約束をしました。自習室・質問をうまくつかいつつ進めていきましょう。"
小5,2025,2026/3/12 15:50,算数,"本日も引き続き前学年の復習を進めました。まず最初に単位変換の問題に取り組みました。×10や÷10を頭の中で筆算している様子だったため、小数点の移動(0の変動)で考えるように教えました。また、単位変換(cmとmとkm、LとdL)も最初は手が止まってしまいましたが、とにかく分かっていることを書き出していくように伝えて、少しは書くようになってきました。最後は計算問題で、ミスもなくスピードも十分でした。
宿題は毎日の計算トレーニングの方から出しています。必ず問題や途中式、筆算もノートに書くようにしてください!"
中2,2025,2026/3/11 18:50,,本日は宿題の確認の後、テキストの1年の復習を進めました。まだbe動詞と一般動詞の区別、疑問文と否定文の作り方がやや曖昧でしたが、後半はかなりスムーズにできるようになってきました。今回やったことを常に意識して問題を解いていくようにしましょう。宿題範囲は覚えていないことも多いと思うので、適宜質問してください！
中2,2025,2026/3/11 18:50,数学,本日は文字式の利用で整数の性質と等式の変形を扱いました。まだ文字式の移項があまり慣れておらず間違えが多くなってしまいましたが、説明の後はあまりミスなくできるようになってきました。宿題で同じ範囲を出しているので、しっかり演習して身に着けてしまいましょう。また、説明の問題は少々面倒ではありますが、自分で考える練習も必要なので、なんとか書いてみてください。
小6,2025,2026/3/11 15:50,算数,今回は前回に引き続き比の性質を扱いました。宿題確認したところ比の計算は問題なく出来ていました。一方で今回比の積や商を使う問題では、例題の解き方をなんとなくなぞっているだけで、何を計算しているのかがあまりわかっていない様子でしたので、一つ一つの式の意味をメモしていくように伝えています。後半に扱った同様の練習問題は自分で解き切ることが出来ていたので解き方自体は身についていると思いますが、今後も理解できているかは確認していきます。
小4,2025,2026/3/11 15:50,"国語,算数","国語は接続語を扱いました。基本的な例題は問題なく解けていた一方で、一文が長くなったり段落間の関係性を問われたりすると間違えてしまっていたため、長い文をある程度短くして考える練習をしていきます。
算数は前回の続きで割り算の筆算を行いましたが、きちんとやり方は覚えていて素晴らしいです。虫食いのような問題も、問題文の意味を説明した後は自分で考えて解くことが出来ていました。
少し宿題は増やしましたので、ご家庭でも様子を見てあげてください。"
中3,2025,2026/3/10 20:20,数学,本日は正負の数の計算から文字式までを扱いました。正負の数についてはかなり成長が見られ、符号の間違いはほとんどなくなりました。文字式についてはまだこれからですが、加法減法については問題なく出来るようになってきています。式変形の際は省略せずに必ず全て書くように心掛けて下さい。宿題でわからないところはどんどん質問するようにしてください！
中2,2025,2026/3/10 18:50,英語,"本日の前半は引き続き英語の1年の復習を進めました。理解できていない訳ではないですが、be動詞と一般動詞が混ざると疑問文を間違えてしまいがちなので、必ず書く前に判別するようにしましょう。
後半はbe going toとwillを扱いました。　基本問題はしっかり解けていて素晴らしいです!気を抜くと聞き覚えのある表現をそのまま書いてしまいがちなので、必ず文法規則を意識しながら書く練習をしていきましょう！"
中2,2025,2026/3/10 18:50,英語,本日は宿題確認から入り、文型の整理を行いました。SVOOとSVOCはまだあまり慣れていないため少し混乱していた様子もありましたが、自分で頭を使って考えることが出来ていました。見慣れない疑問文で手が止まってしまうこともありましたが、そういうときは肯定文から順に考えるようにしていきましょう。また、過去形や三単現が気を抜くと気付けないこともあるので、日本語の語尾と主語は必ず確認する癖をつけてください。
中3,2025,2026/3/9 17:20,数学,"前回からの宿題を確認しました。まず計算ミス、符号ミスがちょこちょこ発生していたので、途中式を丁寧に書くようにしましょう。また、問題文の読み間違いによる間違いも発生していたため、まずは状況を正しく把握する(線を引く、書き出す)ようにしてください。
後半はテキストに入って一次方程式まで進めました。こちらは概ね問題なく理解できているようですので、どんどん進めていきましょう。"
小4,2025,2026/3/9 15:50,"国語,算数","80分間集中して取り組むことが出来ていました。
国語は引き続き説明文に取り組みました。1問以外は良く出来ていました。分からなかった問題は少し離れたところに答えがあり、かつ知らない単語でした。皆が知らないような言葉は必ず説明が書かれているのでその部分をきちんと読むこと、言い換えを意識して読むことを伝えています。
算数は2桁の数で割る割り算に取り組みました。最初は一発で答えを出そうとして時間がかかっていましたが、後半はとりあえず計算してみることが出来るようになり、どんどん進めることができました。"
中2,2025,2026/3/6 18:50,数学,今回からテキストに沿って進めていきます。最初は1年の復習の正負の数の計算を行いました。正負の数の計算法則にも抜けがありましたし、分数計算にも少し怪しいところがあったため、3月～春期講習の間にできるだけ穴をを埋めていきたいところです。また、ノートに途中式をあまり書かないのがミスの原因にもなっているので、ノートは贅沢に使うようにしていきましょう。
中3,2025,2026/3/6 18:50,英語,"本日はbe動詞と一般動詞の現在形を扱いました。基本的な事項もほとんど覚えていない状態でなかなか進みは悪かったものの、最後はある程度自分で考えることができていました。なんとなく聞いたことがあるかどうかで判断するではなく、文法法則だけを考えて問題を解くことを徹底していきましょう。
宿題はわからない部分もあると思うので、適宜質問に持ってきてください。"
小5,2025,2026/3/6 15:50,国語,まずは宿題の確認を行いました。言語事項の主語述語修飾語の把握が難しかったとのことでしたが、説明の後はほとんど間違えずに答えることが出来ていました。その後テキストで引き続き指示語の把握について扱いましたが、具体的とは何かがあまりイメージできておらず、説明文の典型的な構成である抽象→具体→抽象が掴めていなかったので時間をとって説明しました。この点は今後も意識して確認するようにしていきます。また、後半は少し集中力が切れてきた様子で、手遊びや時計を見る頻度が増えてきていたため、できるだけ前半に文章を扱うようにしていこうと思います。
中2,2025,2026/3/5 17:20,"国語,英語","国語のノートを拝見しましたが、テストにはあまり関係のない内容だったため、ワークや購入していただいたテキストで対策を講じるのがよさそうです。
英語のテストは単語や表現の暗記不足での失点が半分、あとの半分が文法問題での注意不足（三単現のS、過去系にし忘れている）と一部理解不足（現在進行形の構造）が要因でした。その後中1の復習の範囲の問題を進めたところ、ほとんど正解できていたものの、やはりスペルミスと一部疑問文での語順間違いが見られました。
英数は微妙な差ですが、自分で進めて進まなさそうなのは英語とのこともあり、いったん授業は英国で進めさせてください。"
中3,2025,2026/3/5 17:20,英語,"英語はテキストが届いたため、テキストに沿って進めていきました。今回は一番最初のbe動詞の現在形、過去形から始めました。基本問題はちょこちょこミスがあったものの、全体として正答率は悪くなかったです。一方でやはり単語や表現の抜けが多く、英作文は手が出ない状態でした。なんとなくの記憶に頼るのではなく、文法規則に基づいて考える練習をしていきましょう。宿題は解きなおしを出しています。
来週の授業後に面談を実施し、理社のテキストの使い方・進め方について決定します。"
小5,2025,2026/3/5 15:50,算数,本日からメインテキストのエフォートを進めていきます。最初の単元はウォーミングアップで、4年の復習を扱いました。最初の億以上の数から躓いていて、一つずつ質問していくと分かってはいるが、自分では考えられていない状態でした。説明の後も答だけをノートに書いていたため、とにかく分かることから書いていけ、ノートは汚くても良いと伝えています。その後の小数の問題で多少は自分から書くことができていたため、成長の兆しは見て取れます。少しずつ学習観を変えていければと思います。
中2,2025,2026/3/4 18:50,英語,今回はテストの分析を簡単に行った後、中1の復習の単元を最初から始めていきました。be動詞の使い分けや人称代名詞は覚えられていた一方で、文の作り方はかなり抜けている印象でした。なんとなくやってしまっている傾向がみられるので、今日やった疑問文や否定文の作り方を意識しながら宿題に取り組んでください。問題を見て漠然と答えを思い浮かべるのではなく、毎回同じ順序に沿って考えることが非常に重要です。
中2,2025,2026/3/4 18:50,数学,"今回は前回に引き続き単項式多項式を扱いました。説明したやり方はきちんと使えている一方で、値を代入する際に符号のミスが発生することがあった点は要注意です。できるだけ式変形を終わらせてから代入することでミスが減るはずです。後半はあまりミスがなく素晴らしかったです！
面談では志望校や今後の目標について話しました。ダンス部がある学校を調べつつ、英検漢検数研の3級を確実にとること、通知表でオール4以上を目標に頑張っていきましょう。そこに向けて、4月からは学校のワークを学校の進度に合わせて進めることを約束しました。"
小6,2025,2026/3/4 15:50,算数,"もう一方の塾と被らないように、第六回の比から扱うこととしました。第四回までで終わっていない部分があれば後に調整します。
比の計算自体はすぐに出来るようになりましたが、整数×分数で分母に掛けてしまったり、割合の計算で苦戦したりしてしまいました。まだまだ何となくやり方を覚えて計算している印象があります。ただ、説明した後は多少形式が変わっても解けていたため、考える力そのものはあるはずですので、少しずつ問題に向かう姿勢を改善していければと思います。
3月中は2単元並行で進めるため宿題は少なめにしています。"
中3,2025,2026/3/3 18:50,数学,"本日は数学で、0から確認していくために正負の数の計算を扱いました。さすがに全くできないということはなく、自力で解ける問題も多くありましたが、基本的な法則を理解できていない部分も多かったため、このまま中１範囲から始めていく必要がありそうです。一方で、なんとなく無理やりやり方を覚えるのではなく自分でイメージできるか、納得できるかを重視する姿勢のようなものも見え、この点は素晴らしいと思います。
今回は2ページでしたが、少しずつスピードを上げていければと思います。数学の中学3年の一番最初は文字式の展開や因数分解なので、なんとか早めに文字式の計算を終わらせて、予習ができる状態に近づけていきます。"
中2,2025,2026/3/3 18:50,"国語,社会","今回は各教科のテストの確認を行いました。国語は漢字と文法、古典でかなりの点数を落としていたのでここさえきちんと取れるようになれば70点以上は十分狙えます。文章についてはノートやワークを次回持ってきてもらってそこを覚えるだけで大丈夫かどうかを確認します。社会は勉強時間が確保できていなかったのが一番の要因のようで、地理分野は得点率も悪くないです。まずはやるべきことを決めてやり切ってみて判断するのが良いかと思います。
最後に数学ですが、出来ていなかった反比例の応用問題等を扱いました。解き方はちゃんと覚えて使えているようですが、微妙に理解しきれていない部分があったり、自分がなぜその計算をしているのかが自覚的でなかったりする部分が点数を取り切れない要因かと思われます。
次回で英語を確認して優先順位を決められればと思います。"
中2,2025,2026/3/3 18:50,英語,"本日はcallを使った表現を扱いました。基本事項は問題なく使えていましたが、疑問詞を含む疑問文や英作文の問題だけ苦戦してしまったようです。授業でも伝えましたが、英作文はとにかく誰がなにをしたのかの主語と動詞を決めて、動詞の使い方を確認してから、各単語を嵌め込んでいくようにしましょう。また、疑問文も肯定文を作ってから順に考えるようにすると間違えにくくなります。どちらも感覚に頼るのではなく文法に則って考えるようにしていきましょう。
"
中3,2025,2026/3/2 17:20,数学,"今回は数学で、まだテキストが届いていないためプリントで文字式の計算と方程式、連立方程式を扱いました。ミスもありましたが、もっと根本的に、正負の数の計算でカッコを外す時の考え方があやふやだったり、割り算と分数の置き換えが少し不安そうだったりと、そもそもやり方がきちんと覚えられていない、理解できていないのが点数低迷の要因です。その他にも比を式に置き換える等も、惜しいところまでは出来ているのに微妙に違うといったケースがありました。
一方説明して理解した部分に関してはそのまま自分で解くことが出来ていますし、やり方を覚えられている箇所もあるため、復習は比較的スムーズに進められるかと思います。"
小4,2025,2026/3/2 15:50,"国語,算数","本日も80分間集中して取り組んでくれました。国語では引き続き指示語の問題に取り組みました。自分で書けた設問は全て正解で、2問は分からないとのことでした。1問は理由を問う問題で、手順を一緒に辿ると解けたため、設問指示が長いときに諦めている印象です。2問目は具体例を答える問題で、そもそも具体的とはなにかが分かっていなかったようなので説明しました。
算数では割り算の筆算の続きを進めました。宿題では商の最後が0になるときに途中でやめてしまっていた点は今後も注意が必要です。授業ではまず検算を進めましたが、ここは良く出来ていました。その後標準問題に取り組み、思考力が試されるタイプの問題だったこともあり苦戦してしまったようです。"
小3,2025,2026/2/25 15:50,"国語,算数","本日も80分間集中して取り組んでくれました。今回は自分から分からないところを質問してくれたので少し慣れてきたのかと思います。国語では前回に引き続き指示語の問題を扱いました。半分ほどは正解できていて、残りの問題も内容的には間違ってはおらず、形式的に少しズレているだけという状態です。
算数は宿題もしっかりやってきてくれて、次の段階の3桁の割り算と検算に取り組みました。あまりが出なくなると逆に戸惑ったりしていましたが、概ねよくできていたと思います。計算ミスも特にないので素晴らしいです。前回よりも進めることができたので、少しずつスピードアップできればと思っています。
来週にはテキストをお渡しできる予定です。"
小3,2025,2026/2/23 15:50,"国語,算数","本日は算数では割り算の筆算を扱いました。初めてやる内容だったので少し不安そうな様子ではありましたが、最後は一通り自分で解き切ることができるようになっていました。一方で間違いを恐れているのか、なかなか進まないこともあり、間違えても良いのだということを少しずつ伝えていければと思います。
国語では前回に引き続き指示語の問題を扱いました。文章自体は読めている様子でしたが、抜き出し問題も単語の途中から抜き出し始めたり末尾が誤っていたりしました。とはいえ、設問の答え方にまだ慣れていないのが大きな要因ですので、国語の問題の答え方が分かってくるともっとスムーズに進むように思います。
宿題は出してはいますが、出来ていなければ次回授業でもう一度扱います。"
